,Date,Petrol,Diesel,PDutyRate,DDutyRate,PVATPercentage,DVATPercentage
0,2003-06-09,3.5144850871296986,3.6172009671396563,2.158918175255166,2.158918175255166,17.5,17.5
1,2003-06-16,3.5088310019915356,3.613431577047548,2.158918175255166,2.158918175255166,17.5,17.5
2,2003-06-23,3.5064751331839683,3.610133360716953,2.158918175255166,2.158918175255166,17.5,17.5
3,2003-06-30,3.503176916853373,3.604950449340304,2.158918175255166,2.158918175255166,17.5,17.5
4,2003-07-07,3.4998787005227783,3.6025945805327355,2.158918175255166,2.158918175255166,17.5,17.5
5,2003-07-14,3.4965804841921826,3.6002387117251677,2.158918175255166,2.158918175255166,17.5,17.5
6,2003-07-21,3.53710142768235,3.623326226039333,2.158918175255166,2.158918175255166,17.5,17.5
7,2003-07-28,3.5385149489668906,3.6214415309932786,2.158918175255166,2.158918175255166,17.5,17.5
8,2003-08-04,3.539457296489918,3.619085662185711,2.158918175255166,2.158918175255166,17.5,17.5
9,2003-08-11,3.554534856858352,3.631807353746577,2.158918175255166,2.158918175255166,17.5,17.5
10,2003-08-18,3.571968286034354,3.6487696091610653,2.158918175255166,2.158918175255166,17.5,17.5
11,2003-08-26,3.5832764563106796,3.6600777794373913,2.158918175255166,2.158918175255166,17.5,17.5
12,2003-09-01,3.587045846402788,3.655837215583769,2.158918175255166,2.158918175255166,17.5,17.5
13,2003-09-08,3.5917575840179237,3.6596066056758776,2.158918175255166,2.158918175255166,17.5,17.5
14,2003-09-15,3.590344062733383,3.657721910629823,2.158918175255166,2.158918175255166,17.5,17.5
15,2003-09-22,3.5879881939258156,3.6539525205377146,2.158918175255166,2.158918175255166,17.5,17.5
16,2003-09-29,3.5846899775952203,3.6530101730146876,2.158918175255166,2.158918175255166,17.5,17.5
17,2003-10-06,3.601181059248195,3.659135431914364,2.2192284167289023,2.2192284167289023,17.5,17.5
18,2003-10-13,3.5762088498879763,3.6482984353995525,2.2192284167289023,2.2192284167289023,17.5,17.5
19,2003-10-20,3.5832764563106796,3.6534813467762013,2.2192284167289023,2.2192284167289023,17.5,17.5
20,2003-10-27,3.580920587503112,3.6520678254916605,2.2192284167289023,2.2192284167289023,17.5,17.5
21,2003-11-03,3.580920587503112,3.652538999253174,2.2192284167289023,2.2192284167289023,17.5,17.5
22,2003-11-10,3.57809354493403,3.650183130445606,2.2192284167289023,2.2192284167289023,17.5,17.5
23,2003-11-17,3.577622371172517,3.652538999253174,2.2192284167289023,2.2192284167289023,17.5,17.5
24,2003-11-24,3.581862935026139,3.6596066056758776,2.2192284167289023,2.2192284167289023,17.5,17.5
25,2003-12-01,3.580920587503112,3.659135431914364,2.2192284167289023,2.2192284167289023,17.5,17.5
26,2003-12-08,3.5795070662185706,3.657721910629823,2.2192284167289023,2.2192284167289023,17.5,17.5
27,2003-12-15,3.5790358924570573,3.65725073686831,2.2192284167289023,2.2192284167289023,17.5,17.5
28,2003-12-22,3.5771511974110033,3.656779563106796,2.2192284167289023,2.2192284167289023,17.5,17.5
29,2003-12-29,3.57809354493403,3.6563083893452824,2.2192284167289023,2.2192284167289023,17.5,17.5
30,2004-01-05,3.575266502364949,3.6534813467762013,2.2192284167289023,2.2192284167289023,17.5,17.5
31,2004-01-12,3.5762088498879763,3.6534813467762013,2.2192284167289023,2.2192284167289023,17.5,17.5
32,2004-01-19,3.5978828429176004,3.677982382374907,2.2192284167289023,2.2192284167289023,17.5,17.5
33,2004-01-26,3.6016522330097085,3.6789247298979335,2.2192284167289023,2.2192284167289023,17.5,17.5
34,2004-02-02,3.6035369280557634,3.6812805987055017,2.2192284167289023,2.2192284167289023,17.5,17.5
35,2004-02-09,3.60447927557879,3.6742129922827984,2.2192284167289023,2.2192284167289023,17.5,17.5
36,2004-02-16,3.6016522330097085,3.6751553398058254,2.2192284167289023,2.2192284167289023,17.5,17.5
37,2004-02-23,3.598825190440627,3.67185712347523,2.2192284167289023,2.2192284167289023,17.5,17.5
38,2004-03-01,3.5959981478715455,3.669030080906149,2.2192284167289023,2.2192284167289023,17.5,17.5
39,2004-03-08,3.6153162720936023,3.6869346838436643,2.2192284167289023,2.2192284167289023,17.5,17.5
40,2004-03-15,3.6464137403534975,3.7128492407269102,2.2192284167289023,2.2192284167289023,17.5,17.5
41,2004-03-22,3.6487696091610653,3.7185033258650733,2.2192284167289023,2.2192284167289023,17.5,17.5
42,2004-03-29,3.655837215583769,3.722743889718696,2.2192284167289023,2.2192284167289023,17.5,17.5
43,2004-04-05,3.6685589071446354,3.733109712471994,2.2192284167289023,2.2192284167289023,17.5,17.5
44,2004-04-12,3.669501254667662,3.734994407518048,2.2192284167289023,2.2192284167289023,17.5,17.5
45,2004-04-19,3.67704003485188,3.7425331877022656,2.2192284167289023,2.2192284167289023,17.5,17.5
46,2004-04-26,3.694002290266368,3.7576107480706993,2.2192284167289023,2.2192284167289023,17.5,17.5
47,2004-05-04,3.735465581279562,3.799545212845407,2.2192284167289023,2.2192284167289023,17.5,17.5
48,2004-05-10,3.7835253049539452,3.848547284042819,2.2192284167289023,2.2192284167289023,17.5,17.5
49,2004-05-17,3.8395949825740603,3.902732266616878,2.2192284167289023,2.2192284167289023,17.5,17.5
50,2004-05-24,3.8697501033109285,3.93335856111526,2.2192284167289023,2.2192284167289023,17.5,17.5
51,2004-05-31,3.880115926064226,3.9394838200149365,2.2192284167289023,2.2192284167289023,17.5,17.5
52,2004-06-07,3.884356489917849,3.9413685150609905,2.2192284167289023,2.2192284167289023,17.5,17.5
53,2004-06-14,3.8419508513816285,3.8918952701020664,2.2192284167289023,2.2192284167289023,17.5,17.5
54,2004-06-21,3.81839216330595,3.867865408264874,2.2192284167289023,2.2192284167289023,17.5,17.5
55,2004-06-28,3.788708216330595,3.81839216330595,2.2192284167289023,2.2192284167289023,17.5,17.5
56,2004-07-05,3.7632648332088623,3.7934199539457305,2.2192284167289023,2.2192284167289023,17.5,17.5
57,2004-07-12,3.78541,3.8188633370674627,2.2192284167289023,2.2192284167289023,17.5,17.5
58,2004-07-19,3.8089686880756783,3.848547284042819,2.2192284167289023,2.2192284167289023,17.5,17.5
59,2004-07-26,3.8103822093602195,3.849489631565845,2.2192284167289023,2.2192284167289023,17.5,17.5
60,2004-08-02,3.8099110355987054,3.853730195419468,2.2192284167289023,2.2192284167289023,17.5,17.5
61,2004-08-09,3.82498859596714,3.8702212770724427,2.2192284167289023,2.2192284167289023,17.5,17.5
62,2004-08-16,3.8282868122977347,3.8791735785412,2.2192284167289023,2.2192284167289023,17.5,17.5
63,2004-08-23,3.8405373300970873,3.902261092855364,2.2192284167289023,2.2192284167289023,17.5,17.5
64,2004-08-31,3.8414796776201148,3.9055593091859597,2.2192284167289023,2.2192284167289023,17.5,17.5
65,2004-09-06,3.8339408974358973,3.906972830470501,2.2192284167289023,2.2192284167289023,17.5,17.5
66,2004-09-13,3.8311138548668158,3.9065016567089867,2.2192284167289023,2.2192284167289023,17.5,17.5
67,2004-09-20,3.8297003335822755,3.9121557418471498,2.2192284167289023,2.2192284167289023,17.5,17.5
68,2004-09-27,3.8461914152352494,3.932416213592233,2.2192284167289023,2.2192284167289023,17.5,17.5
69,2004-10-04,3.86598071321882,3.950320816529749,2.2192284167289023,2.2192284167289023,17.5,17.5
70,2004-10-11,3.9159251319392583,4.005448146626836,2.2192284167289023,2.2192284167289023,17.5,17.5
71,2004-10-18,3.9272333022155834,4.020996880756784,2.2192284167289023,2.2192284167289023,17.5,17.5
72,2004-10-25,3.955032554144884,4.053507870301219,2.2192284167289023,2.2192284167289023,17.5,17.5
73,2004-11-01,3.9705812882748317,4.071883647000249,2.2192284167289023,2.2192284167289023,17.5,17.5
74,2004-11-08,3.973879504605427,4.077537732138412,2.2192284167289023,2.2192284167289023,17.5,17.5
75,2004-11-15,3.9701101145133184,4.071883647000249,2.2192284167289023,2.2192284167289023,17.5,17.5
76,2004-11-22,3.838181461289519,4.0129869268110525,2.2192284167289023,2.2192284167289023,17.5,17.5
77,2004-11-29,3.9658695506596966,4.069056604431167,2.2192284167289023,2.2192284167289023,17.5,17.5
78,2004-12-06,3.960686639283047,4.070941299477222,2.2192284167289023,2.2192284167289023,17.5,17.5
79,2004-12-13,3.898020529001743,4.051152001493652,2.2192284167289023,2.2192284167289023,17.5,17.5
80,2004-12-20,3.838181461289519,4.0129869268110525,2.2192284167289023,2.2192284167289023,17.5,17.5
81,2004-12-27,3.825930943490167,4.011573405526512,2.2192284167289023,2.2192284167289023,17.5,17.5
82,2005-01-03,3.8245174222056257,4.010631058003486,2.2192284167289023,2.2192284167289023,17.5,17.5
83,2005-01-10,3.7618513119243215,3.9988517139656463,2.2192284167289023,2.2192284167289023,17.5,17.5
84,2005-01-17,3.7189744996265874,3.955032554144884,2.2192284167289023,2.2192284167289023,17.5,17.5
85,2005-01-24,3.7189744996265874,3.9517343378142895,2.2192284167289023,2.2192284167289023,17.5,17.5
86,2005-01-31,3.747716099078915,3.968696593228778,2.2192284167289023,2.2192284167289023,17.5,17.5
87,2005-02-07,3.7618513119243215,3.9705812882748317,2.2192284167289023,2.2192284167289023,17.5,17.5
88,2005-02-14,3.77080361339308,3.972937157082399,2.2192284167289023,2.2192284167289023,17.5,17.5
89,2005-02-21,3.776457698531243,3.9748218521284544,2.2192284167289023,2.2192284167289023,17.5,17.5
90,2005-02-28,3.790592911376649,3.9884858912123478,2.2192284167289023,2.2192284167289023,17.5,17.5
91,2005-03-07,3.824046248444113,4.035132093602191,2.2192284167289023,2.2192284167289023,17.5,17.5
92,2005-03-14,3.8466625889967636,4.057277260393328,2.2192284167289023,2.2192284167289023,17.5,17.5
93,2005-03-21,3.896607007717202,4.102038767737117,2.2192284167289023,2.2192284167289023,17.5,17.5
94,2005-03-28,3.9295891710231516,4.1312515409509585,2.2192284167289023,2.2192284167289023,17.5,17.5
95,2005-04-04,3.9536190328603436,4.1604643141648,2.2192284167289023,2.2192284167289023,17.5,17.5
96,2005-04-11,4.0337185723176505,4.232082725914861,2.2192284167289023,2.2192284167289023,17.5,17.5
97,2005-04-18,4.034660919840676,4.231140378391835,2.2192284167289023,2.2192284167289023,17.5,17.5
98,2005-04-25,4.029006834702514,4.222659250684591,2.2192284167289023,2.2192284167289023,17.5,17.5
99,2005-05-02,4.025708618371919,4.207581690316156,2.2192284167289023,2.2192284167289023,17.5,17.5
100,2005-05-09,4.021939228279811,4.2151204705003735,2.2192284167289023,2.2192284167289023,17.5,17.5
101,2005-05-16,4.017698664426189,4.212293427931293,2.2192284167289023,2.2192284167289023,17.5,17.5
102,2005-05-23,3.9941399763505108,4.19344647747075,2.2192284167289023,2.2192284167289023,17.5,17.5
103,2005-05-30,3.96634072442121,4.164704878018422,2.2192284167289023,2.2192284167289023,17.5,17.5
104,2005-06-06,3.9583307704754795,4.157166097834205,2.2192284167289023,2.2192284167289023,17.5,17.5
105,2005-06-13,4.004505799103808,4.191561782424695,2.2192284167289023,2.2192284167289023,17.5,17.5
106,2005-06-20,4.029478008464028,4.2188898605924825,2.2192284167289023,2.2192284167289023,17.5,17.5
107,2005-06-27,4.086490033607169,4.2532855451829725,2.2192284167289023,2.2192284167289023,17.5,17.5
108,2005-07-04,4.1222992394822,4.2876812297734626,2.2192284167289023,2.2192284167289023,17.5,17.5
109,2005-07-11,4.133607409758526,4.3296156945481705,2.2192284167289023,2.2192284167289023,17.5,17.5
110,2005-07-18,4.172243658202639,4.366367247946228,2.2192284167289023,2.2192284167289023,17.5,17.5
111,2005-07-25,4.19344647747075,4.3833295033607165,2.2192284167289023,2.2192284167289023,17.5,17.5
112,2005-08-01,4.205225821508589,4.39416649987553,2.2192284167289023,2.2192284167289023,17.5,17.5
113,2005-08-08,4.225015119492158,4.411599929051531,2.2192284167289023,2.2192284167289023,17.5,17.5
114,2005-08-15,4.266949584266865,4.452592046303211,2.2192284167289023,2.2192284167289023,17.5,17.5
115,2005-08-22,4.27684423325865,4.461073174010456,2.2192284167289023,2.2192284167289023,17.5,17.5
116,2005-08-29,4.307470527757033,4.491699468508837,2.2192284167289023,2.2192284167289023,17.5,17.5
117,2005-09-05,4.446466787403535,4.579337788150361,2.2192284167289023,2.2192284167289023,17.5,17.5
118,2005-09-12,4.479448950709484,4.6123199514563105,2.2192284167289023,2.2192284167289023,17.5,17.5
119,2005-09-19,4.4483514824495884,4.585463047050037,2.2192284167289023,2.2192284167289023,17.5,17.5
120,2005-09-26,4.397464716206124,4.5359898020911125,2.2192284167289023,2.2192284167289023,17.5,17.5
121,2005-10-03,4.4059458439133685,4.552009709982574,2.2192284167289023,2.2192284167289023,17.5,17.5
122,2005-10-10,4.440812702265372,4.572741355489171,2.2192284167289023,2.2192284167289023,17.5,17.5
123,2005-10-17,4.435629790888723,4.570385486681603,2.2192284167289023,2.2192284167289023,17.5,17.5
124,2005-10-24,4.4040611488673145,4.560962011451331,2.2192284167289023,2.2192284167289023,17.5,17.5
125,2005-10-31,4.372021333084391,4.550125014936519,2.2192284167289023,2.2192284167289023,17.5,17.5
126,2005-11-07,4.356943772715957,4.5510673624595475,2.2192284167289023,2.2192284167289023,17.5,17.5
127,2005-11-14,4.265536062982325,4.472381344286782,2.2192284167289023,2.2192284167289023,17.5,17.5
128,2005-11-21,4.1750707007717205,4.392281804829475,2.2192284167289023,2.2192284167289023,17.5,17.5
129,2005-11-28,4.115702806821011,4.325375130694548,2.2192284167289023,2.2192284167289023,17.5,17.5
130,2005-12-05,4.115702806821011,4.325375130694548,2.2192284167289023,2.2192284167289023,17.5,17.5
131,2005-12-12,4.108635200398307,4.310297570326115,2.2192284167289023,2.2192284167289023,17.5,17.5
132,2005-12-19,4.1255974558127955,4.326788651979089,2.2192284167289023,2.2192284167289023,17.5,17.5
133,2005-12-26,4.14067501618123,4.340452691062982,2.2192284167289023,2.2192284167289023,17.5,17.5
134,2006-01-02,4.147742622603934,4.347520297485685,2.2192284167289023,2.2192284167289023,17.5,17.5
135,2006-01-09,4.172714831964153,4.379088939507095,2.2192284167289023,2.2192284167289023,17.5,17.5
136,2006-01-16,4.193917651232264,4.3908682835449335,2.2192284167289023,2.2192284167289023,17.5,17.5
137,2006-01-23,4.219361034353995,4.411128755290018,2.2192284167289023,2.2192284167289023,17.5,17.5
138,2006-01-30,4.234909768483943,4.425735141896939,2.2192284167289023,2.2192284167289023,17.5,17.5
139,2006-02-06,4.22784216206124,4.421965751804829,2.2192284167289023,2.2192284167289023,17.5,17.5
140,2006-02-13,4.224072771969132,4.41819636171272,2.2192284167289023,2.2192284167289023,17.5,17.5
141,2006-02-20,4.221716903161563,4.417254014189694,2.2192284167289023,2.2192284167289023,17.5,17.5
142,2006-02-27,4.217476339307941,4.414426971620612,2.2192284167289023,2.2192284167289023,17.5,17.5
143,2006-03-06,4.210879906646752,4.411599929051531,2.2192284167289023,2.2192284167289023,17.5,17.5
144,2006-03-13,4.219361034353995,4.421965751804829,2.2192284167289023,2.2192284167289023,17.5,17.5
145,2006-03-20,4.249516155090864,4.448822656211103,2.2192284167289023,2.2192284167289023,17.5,17.5
146,2006-03-27,4.29522000995768,4.473794865571322,2.2192284167289023,2.2192284167289023,17.5,17.5
147,2006-04-03,4.32443278317152,4.506305855115758,2.2192284167289023,2.2192284167289023,17.5,17.5
148,2006-04-10,4.371078985561364,4.542115060990789,2.2192284167289023,2.2192284167289023,17.5,17.5
149,2006-04-18,4.439870354742345,4.600540607418472,2.2192284167289023,2.2192284167289023,17.5,17.5
150,2006-04-24,4.492641816031864,4.641061550908638,2.2192284167289023,2.2192284167289023,17.5,17.5
151,2006-05-01,4.529393369429923,4.659908501369181,2.2192284167289023,2.2192284167289023,17.5,17.5
152,2006-05-08,4.54494210355987,4.659908501369181,2.2192284167289023,2.2192284167289023,17.5,17.5
153,2006-05-15,4.5416438872292755,4.6523697211849635,2.2192284167289023,2.2192284167289023,17.5,17.5
154,2006-05-22,4.527979848145383,4.641061550908638,2.2192284167289023,2.2192284167289023,17.5,17.5
155,2006-05-29,4.493112989793378,4.602896476226039,2.2192284167289023,2.2192284167289023,17.5,17.5
156,2006-06-05,4.487458904655215,4.596300043564849,2.2192284167289023,2.2192284167289023,17.5,17.5
157,2006-06-12,4.499238248693055,4.60572351879512,2.2192284167289023,2.2192284167289023,17.5,17.5
158,2006-06-19,4.496882379885487,4.6066658663181475,2.2192284167289023,2.2192284167289023,17.5,17.5
159,2006-06-26,4.4747372130943495,4.5873477420960915,2.2192284167289023,2.2192284167289023,17.5,17.5
160,2006-07-03,4.488872425939755,4.5986559123724176,2.2192284167289023,2.2192284167289023,17.5,17.5
161,2006-07-10,4.508661723923326,4.617031689071446,2.2192284167289023,2.2192284167289023,17.5,17.5
162,2006-07-17,4.56473140154344,4.6523697211849635,2.2192284167289023,2.2192284167289023,17.5,17.5
163,2006-07-24,4.607137040079661,4.683938363206373,2.2192284167289023,2.2192284167289023,17.5,17.5
164,2006-07-31,4.609492908887229,4.683938363206373,2.2192284167289023,2.2192284167289023,17.5,17.5
165,2006-08-07,4.6198587316405275,4.69147714339059,2.2192284167289023,2.2192284167289023,17.5,17.5
166,2006-08-14,4.609021735125715,4.685823058252427,2.2192284167289023,2.2192284167289023,17.5,17.5
167,2006-08-21,4.5110175927308935,4.614204646502365,2.2192284167289023,2.2192284167289023,17.5,17.5
168,2006-08-28,4.447880308688076,4.5548367525516555,2.2192284167289023,2.2192284167289023,17.5,17.5
169,2006-09-04,4.376261896938013,4.519498720438138,2.2192284167289023,2.2192284167289023,17.5,17.5
170,2006-09-11,4.310297570326115,4.492170642270351,2.2192284167289023,2.2192284167289023,17.5,17.5
171,2006-09-18,4.230198030868808,4.473794865571322,2.2192284167289023,2.2192284167289023,17.5,17.5
172,2006-09-25,4.155752576549664,4.4059458439133685,2.2192284167289023,2.2192284167289023,17.5,17.5
173,2006-10-02,4.0968558563604685,4.340923864824496,2.2192284167289023,2.2192284167289023,17.5,17.5
174,2006-10-09,4.080364774707493,4.322548088125466,2.2192284167289023,2.2192284167289023,17.5,17.5
175,2006-10-16,4.047853785163057,4.315480481702763,2.2192284167289023,2.2192284167289023,17.5,17.5
176,2006-10-23,4.039843831217326,4.298047052526761,2.2192284167289023,2.2192284167289023,17.5,17.5
177,2006-10-30,4.033247398556136,4.295691183719193,2.2192284167289023,2.2192284167289023,17.5,17.5
178,2006-11-06,4.030420355987055,4.293335314911626,2.2192284167289023,2.2192284167289023,17.5,17.5
179,2006-11-13,4.0280644871794875,4.294748836196167,2.2192284167289023,2.2192284167289023,17.5,17.5
180,2006-11-20,4.026179792133433,4.295691183719193,2.2192284167289023,2.2192284167289023,17.5,17.5
181,2006-11-27,4.02712213965646,4.295691183719193,2.2192284167289023,2.2192284167289023,17.5,17.5
182,2006-12-04,4.026650965894946,4.311239917849141,2.2192284167289023,2.2192284167289023,17.5,17.5
183,2006-12-11,4.119943370674633,4.380031287030122,2.278125136918098,2.278125136918098,17.5,17.5
184,2006-12-18,4.132193888473986,4.39416649987553,2.278125136918098,2.278125136918098,17.5,17.5
185,2006-12-25,4.141617363704258,4.401234106298233,2.278125136918098,2.278125136918098,17.5,17.5
186,2007-01-01,4.139261494896689,4.400762932536719,2.278125136918098,2.278125136918098,17.5,17.5
187,2007-01-08,4.130309193427931,4.387098893452825,2.278125136918098,2.278125136918098,17.5,17.5
188,2007-01-15,4.103923462783171,4.313595786656709,2.278125136918098,2.278125136918098,17.5,17.5
189,2007-01-22,4.065287214339059,4.261766672890217,2.278125136918098,2.278125136918098,17.5,17.5
190,2007-01-29,4.036074441125217,4.226428640776699,2.278125136918098,2.278125136918098,17.5,17.5
191,2007-02-05,4.034189746079163,4.223130424446103,2.278125136918098,2.278125136918098,17.5,17.5
192,2007-02-12,4.057748434154842,4.2457467649987555,2.278125136918098,2.278125136918098,17.5,17.5
193,2007-02-19,4.080364774707493,4.266478410505352,2.278125136918098,2.278125136918098,17.5,17.5
194,2007-02-26,4.10250994149863,4.28862357729649,2.278125136918098,2.278125136918098,17.5,17.5
195,2007-03-05,4.134078583520039,4.315480481702763,2.278125136918098,2.278125136918098,17.5,17.5
196,2007-03-12,4.168945441872045,4.342808559870551,2.278125136918098,2.278125136918098,17.5,17.5
197,2007-03-19,4.190148261140155,4.363540205377147,2.278125136918098,2.278125136918098,17.5,17.5
198,2007-03-26,4.208524037839183,4.3776754182225535,2.278125136918098,2.278125136918098,17.5,17.5
199,2007-04-02,4.262709020413244,4.424321620612398,2.278125136918098,2.278125136918098,17.5,17.5
200,2007-04-10,4.296162357480708,4.444582092357481,2.278125136918098,2.278125136918098,17.5,17.5
201,2007-04-16,4.334327432163305,4.469554301717699,2.278125136918098,2.278125136918098,17.5,17.5
202,2007-04-23,4.378617765745582,4.494526511077918,2.278125136918098,2.278125136918098,17.5,17.5
203,2007-04-30,4.403118801344287,4.509604071446353,2.278125136918098,2.278125136918098,17.5,17.5
204,2007-05-07,4.449293829972617,4.528922195668409,2.278125136918098,2.278125136918098,17.5,17.5
205,2007-05-14,4.479448950709484,4.5454132773213844,2.278125136918098,2.278125136918098,17.5,17.5
206,2007-05-21,4.509604071446353,4.555779100074683,2.278125136918098,2.278125136918098,17.5,17.5
207,2007-05-28,4.530806890714464,4.56991431292009,2.278125136918098,2.278125136918098,17.5,17.5
208,2007-06-04,4.5472979723674385,4.579337788150361,2.278125136918098,2.278125136918098,17.5,17.5
209,2007-06-11,4.552009709982574,4.5798089619118745,2.278125136918098,2.278125136918098,17.5,17.5
210,2007-06-18,4.549653841175007,4.575568398058253,2.278125136918098,2.278125136918098,17.5,17.5
211,2007-06-25,4.54871149365198,4.576039571819766,2.278125136918098,2.278125136918098,17.5,17.5
212,2007-07-02,4.540230365944735,4.565202575304953,2.278125136918098,2.278125136918098,17.5,17.5
213,2007-07-09,4.532691585760518,4.560019663928305,2.278125136918098,2.278125136918098,17.5,17.5
214,2007-07-16,4.533162759522031,4.5604908376898186,2.278125136918098,2.278125136918098,17.5,17.5
215,2007-07-23,4.534105107045059,4.562375532735872,2.278125136918098,2.278125136918098,17.5,17.5
216,2007-07-30,4.532691585760518,4.55954849016679,2.278125136918098,2.278125136918098,17.5,17.5
217,2007-08-06,4.53033571695295,4.557192621359223,2.278125136918098,2.278125136918098,17.5,17.5
218,2007-08-13,4.523268110530246,4.556250273836196,2.278125136918098,2.278125136918098,17.5,17.5
219,2007-08-20,4.490757120985811,4.5510673624595475,2.278125136918098,2.278125136918098,17.5,17.5
220,2007-08-27,4.47615073437889,4.540701539706248,2.278125136918098,2.278125136918098,17.5,17.5
221,2007-09-03,4.466727259148618,4.540701539706248,2.278125136918098,2.278125136918098,17.5,17.5
222,2007-09-10,4.458717305202888,4.539288018421708,2.278125136918098,2.278125136918098,17.5,17.5
223,2007-09-17,4.459659652725915,4.544470929798357,2.278125136918098,2.278125136918098,17.5,17.5
224,2007-09-24,4.471910170525268,4.565673749066468,2.278125136918098,2.278125136918098,17.5,17.5
225,2007-10-01,4.5416438872292755,4.641532724670152,2.3723598892208115,2.3723598892208115,17.5,17.5
226,2007-10-08,4.576981919342794,4.6693319765994525,2.3723598892208115,2.3723598892208115,17.5,17.5
227,2007-10-15,4.579337788150361,4.673101366691561,2.3723598892208115,2.3723598892208115,17.5,17.5
228,2007-10-22,4.6085505613642015,4.706554703759024,2.3723598892208115,2.3723598892208115,17.5,17.5
229,2007-10-29,4.629753380632313,4.74424860468011,2.3723598892208115,2.3723598892208115,17.5,17.5
230,2007-11-05,4.681582494398805,4.813511147622604,2.3723598892208115,2.3723598892208115,17.5,17.5
231,2007-11-12,4.746604473487677,4.9082170736868305,2.3723598892208115,2.3723598892208115,17.5,17.5
232,2007-11-19,4.781000158078168,4.960517361214837,2.3723598892208115,2.3723598892208115,17.5,17.5
233,2007-11-26,4.812097626338064,5.006221216081653,2.3723598892208115,2.3723598892208115,17.5,17.5
234,2007-12-03,4.833300445606174,5.050511549663928,2.3723598892208115,2.3723598892208115,17.5,17.5
235,2007-12-10,4.8375410094597955,5.063704414986308,2.3723598892208115,2.3723598892208115,17.5,17.5
236,2007-12-17,4.8342427931292,5.067944978839931,2.3723598892208115,2.3723598892208115,17.5,17.5
237,2007-12-24,4.830944576798606,5.065117936270849,2.3723598892208115,2.3723598892208115,17.5,17.5
238,2007-12-31,4.837069835698283,5.070300847647498,2.3723598892208115,2.3723598892208115,17.5,17.5
239,2008-01-07,4.870523172765746,5.102340663430421,2.3723598892208115,2.3723598892208115,17.5,17.5
240,2008-01-14,4.891725992033856,5.124957003983072,2.3723598892208115,2.3723598892208115,17.5,17.5
241,2008-01-21,4.910572942494399,5.140034564351506,2.3723598892208115,2.3723598892208115,17.5,17.5
242,2008-01-28,4.910572942494399,5.140976911874533,2.3723598892208115,2.3723598892208115,17.5,17.5
243,2008-02-04,4.901620641025642,5.13532282673637,2.3723598892208115,2.3723598892208115,17.5,17.5
244,2008-02-11,4.884658385611153,5.129197567836695,2.3723598892208115,2.3723598892208115,17.5,17.5
245,2008-02-18,4.886071906895694,5.13532282673637,2.3723598892208115,2.3723598892208115,17.5,17.5
246,2008-02-25,4.9308334142394825,5.192806025641025,2.3723598892208115,2.3723598892208115,17.5,17.5
247,2008-03-03,4.958632666168782,5.225317015185462,2.3723598892208115,2.3723598892208115,17.5,17.5
248,2008-03-10,4.992557176997759,5.287983125466766,2.3723598892208115,2.3723598892208115,17.5,17.5
249,2008-03-17,5.01375999626587,5.328032895195419,2.3723598892208115,2.3723598892208115,17.5,17.5
250,2008-03-24,5.036847510580035,5.390227831715211,2.3723598892208115,2.3723598892208115,17.5,17.5
251,2008-03-31,5.046270985810306,5.408603608414239,2.3723598892208115,2.3723598892208115,17.5,17.5
252,2008-04-07,5.052867418471497,5.440643424197162,2.3723598892208115,2.3723598892208115,17.5,17.5
253,2008-04-14,5.070300847647498,5.489645495394574,2.3723598892208115,2.3723598892208115,17.5,17.5
254,2008-04-21,5.1155335287528,5.562677428429176,2.3723598892208115,2.3723598892208115,17.5,17.5
255,2008-04-28,5.159352688573562,5.611679499626587,2.3723598892208115,2.3723598892208115,17.5,17.5
256,2008-05-05,5.197046589494648,5.67151856733881,2.3723598892208115,2.3723598892208115,17.5,17.5
257,2008-05-12,5.231913447846652,5.724290028628329,2.3723598892208115,2.3723598892208115,17.5,17.5
258,2008-05-19,5.322378810057256,5.8661133308439135,2.3723598892208115,2.3723598892208115,17.5,17.5
259,2008-05-26,5.408603608414239,5.99380142021409,2.3723598892208115,2.3723598892208115,17.5,17.5
260,2008-06-02,5.467029154841922,6.069660395817774,2.3723598892208115,2.3723598892208115,17.5,17.5
261,2008-06-09,5.506136577047548,6.110181339307942,2.3723598892208115,2.3723598892208115,17.5,17.5
262,2008-06-16,5.545243999253174,6.1563563679362705,2.3723598892208115,2.3723598892208115,17.5,17.5
263,2008-06-23,5.580582031366692,6.193579095095842,2.3723598892208115,2.3723598892208115,17.5,17.5
264,2008-06-30,5.599428981827235,6.22090717326363,2.3723598892208115,2.3723598892208115,17.5,17.5
265,2008-07-07,5.620160627333831,6.245408208862336,2.3723598892208115,2.3723598892208115,17.5,17.5
266,2008-07-14,5.6276994075180475,6.260485769230769,2.3723598892208115,2.3723598892208115,17.5,17.5
267,2008-07-21,5.625814712471994,6.2614281167537955,2.3723598892208115,2.3723598892208115,17.5,17.5
268,2008-07-28,5.508492445855116,6.158712236743839,2.3723598892208115,2.3723598892208115,17.5,17.5
269,2008-08-04,5.421325299975106,6.0399764488424195,2.3723598892208115,2.3723598892208115,17.5,17.5
270,2008-08-11,5.36761149116256,5.94621287030122,2.3723598892208115,2.3723598892208115,17.5,17.5
271,2008-08-18,5.287511951705253,5.84726638038337,2.3723598892208115,2.3723598892208115,17.5,17.5
272,2008-08-25,5.278088476474982,5.830304124968882,2.3723598892208115,2.3723598892208115,17.5,17.5
273,2008-09-01,5.286569604182226,5.837371731391586,2.3723598892208115,2.3723598892208115,17.5,17.5
274,2008-09-08,5.3030606858352005,5.851978117998507,2.3723598892208115,2.3723598892208115,17.5,17.5
275,2008-09-15,5.3011759907891465,5.849151075429425,2.3723598892208115,2.3723598892208115,17.5,17.5
276,2008-09-22,5.2210764513318395,5.777061489917849,2.3723598892208115,2.3723598892208115,17.5,17.5
277,2008-09-29,5.175843770226537,5.731828808812547,2.3723598892208115,2.3723598892208115,17.5,17.5
278,2008-10-06,5.156996819765995,5.7077989469753545,2.3723598892208115,2.3723598892208115,17.5,17.5
279,2008-10-13,5.0434439432412255,5.579639683843665,2.3723598892208115,2.3723598892208115,17.5,17.5
280,2008-10-20,4.837069835698283,5.385987267861589,2.3723598892208115,2.3723598892208115,17.5,17.5
281,2008-10-27,4.646715636046801,5.2304999265621115,2.3723598892208115,2.3723598892208115,17.5,17.5
282,2008-11-03,4.5892324371421465,5.176786117749565,2.3723598892208115,2.3723598892208115,17.5,17.5
283,2008-11-10,4.518085199153598,5.14191925939756,2.3723598892208115,2.3723598892208115,17.5,17.5
284,2008-11-17,4.468140780433159,5.123072308937018,2.3723598892208115,2.3723598892208115,17.5,17.5
285,2008-11-24,4.372021333084391,5.078310801593228,2.3723598892208115,2.3723598892208115,17.5,17.5
286,2008-12-01,4.3098263965646,5.020827602688573,2.466594641523525,2.466594641523525,15.0,15.0
287,2008-12-08,4.248102633806322,4.941199236992781,2.466594641523525,2.466594641523525,15.0,15.0
288,2008-12-15,4.196744693801344,4.770163161563356,2.466594641523525,2.466594641523525,15.0,15.0
289,2008-12-22,4.146800275080906,4.708910572566592,2.466594641523525,2.466594641523525,15.0,15.0
290,2008-12-29,4.115231633059497,4.672630192930048,2.466594641523525,2.466594641523525,15.0,15.0
291,2009-01-05,4.024766270848892,4.597242391087876,2.466594641523525,2.466594641523525,15.0,15.0
292,2009-01-12,4.0530366965397056,4.632580423201394,2.466594641523525,2.466594641523525,15.0,15.0
293,2009-01-19,4.061046650485437,4.638705682101071,2.466594641523525,2.466594641523525,15.0,15.0
294,2009-01-26,4.119001023151606,4.6829960156833454,2.466594641523525,2.466594641523525,15.0,15.0
295,2009-02-02,4.15386788150361,4.703256487428429,2.466594641523525,2.466594641523525,15.0,15.0
296,2009-02-09,4.20663934279313,4.726344001742594,2.466594641523525,2.466594641523525,15.0,15.0
297,2009-02-16,4.246217938760269,4.75225855862584,2.466594641523525,2.466594641523525,15.0,15.0
298,2009-02-23,4.256112587752054,4.749902689818272,2.466594641523525,2.466594641523525,15.0,15.0
299,2009-03-02,4.253756718944485,4.741892735872542,2.466594641523525,2.466594641523525,15.0,15.0
300,2009-03-09,4.2476314600448095,4.7131511364202145,2.466594641523525,2.466594641523525,15.0,15.0
301,2009-03-16,4.248102633806322,4.711737615135673,2.466594641523525,2.466594641523525,15.0,15.0
302,2009-03-23,4.248102633806322,4.689121274583021,2.466594641523525,2.466594641523525,15.0,15.0
303,2009-03-30,4.304172311426437,4.710795267612646,2.466594641523525,2.466594641523525,15.0,15.0
304,2009-04-06,4.415840492905153,4.8125688000995765,2.5532906136420213,2.5532906136420213,15.0,15.0
305,2009-04-13,4.434216269604183,4.826704012944984,2.5532906136420213,2.5532906136420213,15.0,15.0
306,2009-04-20,4.458246131441374,4.83942570450585,2.5532906136420213,2.5532906136420213,15.0,15.0
307,2009-04-27,4.482275993278566,4.8450797896440125,2.5532906136420213,2.5532906136420213,15.0,15.0
308,2009-05-04,4.504421160069703,4.843666268359472,2.5532906136420213,2.5532906136420213,15.0,15.0
309,2009-05-11,4.5510673624595475,4.857801481204879,2.5532906136420213,2.5532906136420213,15.0,15.0
310,2009-05-18,4.595828869803336,4.870523172765746,2.5532906136420213,2.5532906136420213,15.0,15.0
311,2009-05-25,4.659908501369181,4.87900430047299,2.5532906136420213,2.5532906136420213,15.0,15.0
312,2009-06-01,4.6829960156833454,4.87900430047299,2.5532906136420213,2.5532906136420213,15.0,15.0
313,2009-06-08,4.739536867064974,4.889841296987802,2.5532906136420213,2.5532906136420213,15.0,15.0
314,2009-06-15,4.80503001991536,4.923765807816778,2.5532906136420213,2.5532906136420213,15.0,15.0
315,2009-06-22,4.844137442120986,4.943555105800349,2.5532906136420213,2.5532906136420213,15.0,15.0
316,2009-06-29,4.867224956435151,4.949680364700025,2.5532906136420213,2.5532906136420213,15.0,15.0
317,2009-07-06,4.879946647996017,4.952507407269106,2.5532906136420213,2.5532906136420213,15.0,15.0
318,2009-07-13,4.842723920836446,4.902091814787155,2.5532906136420213,2.5532906136420213,15.0,15.0
319,2009-07-20,4.8163381901916855,4.85261856982823,2.5532906136420213,2.5532906136420213,15.0,15.0
320,2009-07-27,4.813982321384118,4.8488491797361215,2.5532906136420213,2.5532906136420213,15.0,15.0
321,2009-08-03,4.822934622852875,4.862513218820015,2.5532906136420213,2.5532906136420213,15.0,15.0
322,2009-08-10,4.853560917351257,4.890312470749316,2.5532906136420213,2.5532906136420213,15.0,15.0
323,2009-08-17,4.898322424695046,4.9214099390092105,2.5532906136420213,2.5532906136420213,15.0,15.0
324,2009-08-24,4.93318928304705,4.952507407269106,2.5532906136420213,2.5532906136420213,15.0,15.0
325,2009-08-31,4.952507407269106,4.9708831839681356,2.5532906136420213,2.5532906136420213,15.0,15.0
326,2009-09-07,5.034491641772467,5.055694461040578,2.647525365944735,2.647525365944735,15.0,15.0
327,2009-09-14,5.014702343788898,5.045799812048793,2.647525365944735,2.647525365944735,15.0,15.0
328,2009-09-21,4.992557176997759,5.031664599203386,2.647525365944735,2.647525365944735,15.0,15.0
329,2009-09-28,4.968056141399054,5.0128176487428435,2.647525365944735,2.647525365944735,15.0,15.0
330,2009-10-05,4.941199236992781,4.98737426562111,2.647525365944735,2.647525365944735,15.0,15.0
331,2009-10-12,4.933660456808563,4.979835485436893,2.647525365944735,2.647525365944735,15.0,15.0
332,2009-10-19,4.951093885984566,5.007634737366193,2.647525365944735,2.647525365944735,15.0,15.0
333,2009-10-26,5.030251077918845,5.078310801593228,2.647525365944735,2.647525365944735,15.0,15.0
334,2009-11-02,5.061819719940255,5.112706486183719,2.647525365944735,2.647525365944735,15.0,15.0
335,2009-11-09,5.093388361961663,5.152285082150859,2.647525365944735,2.647525365944735,15.0,15.0
336,2009-11-16,5.111292964899179,5.166420294996266,2.647525365944735,2.647525365944735,15.0,15.0
337,2009-11-23,5.123072308937018,5.176786117749565,2.647525365944735,2.647525365944735,15.0,15.0
338,2009-11-30,5.125899351506099,5.182440202887727,2.647525365944735,2.647525365944735,15.0,15.0
339,2009-12-07,5.118831745083395,5.176786117749565,2.647525365944735,2.647525365944735,15.0,15.0
340,2009-12-14,5.1122353124222055,5.162650904904157,2.647525365944735,2.647525365944735,15.0,15.0
341,2009-12-21,5.063704414986308,5.14191925939756,2.647525365944735,2.647525365944735,15.0,15.0
342,2009-12-28,5.062290893701768,5.143803954443615,2.647525365944735,2.647525365944735,15.0,15.0
343,2010-01-04,5.151813908389345,5.233798142892706,2.647525365944735,2.647525365944735,17.5,17.5
344,2010-01-11,5.216835887478217,5.304945380881255,2.647525365944735,2.647525365944735,17.5,17.5
345,2010-01-18,5.258299178491411,5.342639281802341,2.647525365944735,2.647525365944735,17.5,17.5
346,2010-01-25,5.271020870052278,5.357716842170774,2.647525365944735,2.647525365944735,17.5,17.5
347,2010-02-01,5.272905565098331,5.359601537216828,2.647525365944735,2.647525365944735,17.5,17.5
348,2010-02-08,5.274790260144386,5.361486232262884,2.647525365944735,2.647525365944735,17.5,17.5
349,2010-02-15,5.271963217575306,5.356303320886234,2.647525365944735,2.647525365944735,17.5,17.5
350,2010-02-22,5.256414483445358,5.312955334826985,2.647525365944735,2.647525365944735,17.5,17.5
351,2010-03-01,5.296935426935524,5.343581629325366,2.647525365944735,2.647525365944735,17.5,17.5
352,2010-03-08,5.357716842170774,5.403420697037591,2.647525365944735,2.647525365944735,17.5,17.5
353,2010-03-15,5.440172250435648,5.475510282549166,2.647525365944735,2.647525365944735,17.5,17.5
354,2010-03-22,5.493414885486682,5.525925875031118,2.647525365944735,2.647525365944735,17.5,17.5
355,2010-03-29,5.525925875031118,5.569745034851879,2.647525365944735,2.647525365944735,17.5,17.5
356,2010-04-05,5.620631801095345,5.65832570201643,2.6946427420960917,2.6946427420960917,17.5,17.5
357,2010-04-12,5.651258095593727,5.706385425690814,2.6946427420960917,2.6946427420960917,17.5,17.5
358,2010-04-19,5.679999695046055,5.736069372666168,2.6946427420960917,2.6946427420960917,17.5,17.5
359,2010-04-26,5.700731340552651,5.7629262770724425,2.6946427420960917,2.6946427420960917,17.5,17.5
360,2010-05-03,5.709683642021409,5.780359706248444,2.6946427420960917,2.6946427420960917,17.5,17.5
361,2010-05-10,5.715808900921085,5.786956138909634,2.6946427420960917,2.6946427420960917,17.5,17.5
362,2010-05-17,5.715337727159572,5.787427312671148,2.6946427420960917,2.6946427420960917,17.5,17.5
363,2010-05-24,5.650786921832213,5.744550500373413,2.6946427420960917,2.6946427420960917,17.5,17.5
364,2010-05-31,5.585293768981828,5.689894344037839,2.6946427420960917,2.6946427420960917,17.5,17.5
365,2010-06-07,5.569273861090366,5.672932088623352,2.6946427420960917,2.6946427420960917,17.5,17.5
366,2010-06-14,5.553725126960418,5.6639797871545925,2.6946427420960917,2.6946427420960917,17.5,17.5
367,2010-06-21,5.550426910629823,5.672460914861837,2.6946427420960917,2.6946427420960917,17.5,17.5
368,2010-06-28,5.554196300721931,5.671989741100323,2.6946427420960917,2.6946427420960917,17.5,17.5
369,2010-07-05,5.555609822006472,5.674816783669405,2.6946427420960917,2.6946427420960917,17.5,17.5
370,2010-07-12,5.531108786407767,5.643719315409509,2.6946427420960917,2.6946427420960917,17.5,17.5
371,2010-07-19,5.505665403286034,5.618275932287777,2.6946427420960917,2.6946427420960917,17.5,17.5
372,2010-07-26,5.494357233009709,5.6083812832959925,2.6946427420960917,2.6946427420960917,17.5,17.5
373,2010-08-02,5.489645495394574,5.6083812832959925,2.6946427420960917,2.6946427420960917,17.5,17.5
374,2010-08-09,5.482106715210356,5.60414071944237,2.6946427420960917,2.6946427420960917,17.5,17.5
375,2010-08-16,5.481635541448843,5.5970731130196665,2.6946427420960917,2.6946427420960917,17.5,17.5
376,2010-08-23,5.448653378142892,5.555138648244959,2.6946427420960917,2.6946427420960917,17.5,17.5
377,2010-08-30,5.4175559098829975,5.5301664388847405,2.6946427420960917,2.6946427420960917,17.5,17.5
378,2010-09-06,5.399180133183968,5.51697357356236,2.6946427420960917,2.6946427420960917,17.5,17.5
379,2010-09-13,5.4024783495145625,5.5207429636544685,2.6946427420960917,2.6946427420960917,17.5,17.5
380,2010-09-20,5.421325299975106,5.546657520537715,2.6946427420960917,2.6946427420960917,17.5,17.5
381,2010-09-27,5.436874034105053,5.565033297236744,2.6946427420960917,2.6946427420960917,17.5,17.5
382,2010-10-04,5.466086807318895,5.605554240726911,2.741760118247448,2.741760118247448,17.5,17.5
383,2010-10-11,5.502367186955439,5.643248141647995,2.741760118247448,2.741760118247448,17.5,17.5
384,2010-10-18,5.525925875031118,5.682355563853622,2.741760118247448,2.741760118247448,17.5,17.5
385,2010-10-25,5.5475998680607415,5.709212468259896,2.741760118247448,2.741760118247448,17.5,17.5
386,2010-11-01,5.5683315135673395,5.732299982574061,2.741760118247448,2.741760118247448,17.5,17.5
387,2010-11-08,5.5914190278815035,5.757272191934279,2.741760118247448,2.741760118247448,17.5,17.5
388,2010-11-15,5.597544286781179,5.772349752302714,2.741760118247448,2.741760118247448,17.5,17.5
389,2010-11-22,5.606496588249938,5.783186748817525,2.741760118247448,2.741760118247448,17.5,17.5
390,2010-11-29,5.616862411003236,5.80486074184715,2.741760118247448,2.741760118247448,17.5,17.5
391,2010-12-06,5.679528521284541,5.8717674159820765,2.741760118247448,2.741760118247448,17.5,17.5
392,2010-12-13,5.733242330097087,5.925952398556136,2.741760118247448,2.741760118247448,17.5,17.5
393,2010-12-20,5.7629262770724425,5.961290430669654,2.741760118247448,2.741760118247448,17.5,17.5
394,2010-12-27,5.816168912123475,6.015946587005229,2.741760118247448,2.741760118247448,17.5,17.5
395,2011-01-03,5.882604412496888,6.083324434901669,2.7775693241224797,2.7775693241224797,17.5,17.5
396,2011-01-10,6.002753721682848,6.200646701518546,2.7775693241224797,2.7775693241224797,20.0,20.0
397,2011-01-17,6.024898888473986,6.235042386109037,2.7775693241224797,2.7775693241224797,20.0,20.0
398,2011-01-24,6.0475152290266365,6.266611028130445,2.7775693241224797,2.7775693241224797,20.0,20.0
399,2011-01-31,6.0569387042569085,6.278390372168285,2.7775693241224797,2.7775693241224797,20.0,20.0
400,2011-02-07,6.061179268110529,6.288756194921583,2.7775693241224797,2.7775693241224797,20.0,20.0
401,2011-02-14,6.065419831964152,6.30006436519791,2.7775693241224797,2.7775693241224797,20.0,20.0
402,2011-02-21,6.0743721334329095,6.315613099327856,2.7775693241224797,2.7775693241224797,20.0,20.0
403,2011-02-28,6.112066034353996,6.363672823002241,2.7775693241224797,2.7775693241224797,20.0,20.0
404,2011-03-07,6.185569141150112,6.450368795120737,2.7775693241224797,2.7775693241224797,20.0,20.0
405,2011-03-14,6.227974779686334,6.513977252925068,2.7775693241224797,2.7775693241224797,20.0,20.0
406,2011-03-21,6.271793939507096,6.574287494398805,2.7775693241224797,2.7775693241224797,20.0,20.0
407,2011-03-28,6.2402252974856856,6.55119998008464,2.730451947971123,2.730451947971123,20.0,20.0
408,2011-04-04,6.257658726661687,6.570989278068211,2.730451947971123,2.730451947971123,20.0,20.0
409,2011-04-11,6.298650843913369,6.611981395319891,2.730451947971123,2.730451947971123,20.0,20.0
410,2011-04-18,6.363672823002241,6.659569945232761,2.730451947971123,2.730451947971123,20.0,20.0
411,2011-04-25,6.390058553647,6.695850324869306,2.730451947971123,2.730451947971123,20.0,20.0
412,2011-05-02,6.421627195668409,6.715639622852875,2.730451947971123,2.730451947971123,20.0,20.0
413,2011-05-09,6.457436401543442,6.740611832213094,2.730451947971123,2.730451947971123,20.0,20.0
414,2011-05-16,6.42681010704506,6.667108725416978,2.730451947971123,2.730451947971123,20.0,20.0
415,2011-05-23,6.413146067961166,6.632713040826488,2.730451947971123,2.730451947971123,20.0,20.0
416,2011-05-30,6.387702684839431,6.5874803597211855,2.730451947971123,2.730451947971123,20.0,20.0
417,2011-06-06,6.390058553647,6.576643363206373,2.730451947971123,2.730451947971123,20.0,20.0
418,2011-06-13,6.401366723923327,6.5855956646751315,2.730451947971123,2.730451947971123,20.0,20.0
419,2011-06-20,6.409376677869056,6.5987885299975115,2.730451947971123,2.730451947971123,20.0,20.0
420,2011-06-27,6.35424934777197,6.538478288523774,2.730451947971123,2.730451947971123,20.0,20.0
421,2011-07-04,6.286871499875529,6.488062696041822,2.730451947971123,2.730451947971123,20.0,20.0
422,2011-07-11,6.322209531989047,6.521044859347772,2.730451947971123,2.730451947971123,20.0,20.0
423,2011-07-18,6.359432259148618,6.566277540453075,2.730451947971123,2.730451947971123,20.0,20.0
424,2011-07-25,6.391943248693054,6.594076792382375,2.730451947971123,2.730451947971123,20.0,20.0
425,2011-08-01,6.411261372915111,6.622347218073189,2.730451947971123,2.730451947971123,20.0,20.0
426,2011-08-08,6.42963714961414,6.636011257157083,2.730451947971123,2.730451947971123,20.0,20.0
427,2011-08-15,6.405607287776948,6.613394916604432,2.730451947971123,2.730451947971123,20.0,20.0
428,2011-08-22,6.340114134926562,6.55119998008464,2.730451947971123,2.730451947971123,20.0,20.0
429,2011-08-29,6.328805964650236,6.536122419716206,2.730451947971123,2.730451947971123,20.0,20.0
430,2011-09-05,6.342941177495644,6.547430589992532,2.730451947971123,2.730451947971123,20.0,20.0
431,2011-09-12,6.360845780433159,6.56816223549913,2.730451947971123,2.730451947971123,20.0,20.0
432,2011-09-19,6.379692730893702,6.589836228528754,2.730451947971123,2.730451947971123,20.0,20.0
433,2011-09-26,6.391472074931541,6.6030290938511325,2.730451947971123,2.730451947971123,20.0,20.0
434,2011-10-03,6.361788127956187,6.5855956646751315,2.730451947971123,2.730451947971123,20.0,20.0
435,2011-10-10,6.3358735710729395,6.573816320637292,2.730451947971123,2.730451947971123,20.0,20.0
436,2011-10-17,6.336815918595968,6.583710969629076,2.730451947971123,2.730451947971123,20.0,20.0
437,2011-10-24,6.344825872541698,6.6053849626587,2.730451947971123,2.730451947971123,20.0,20.0
438,2011-10-31,6.348124088872292,6.609154352750809,2.730451947971123,2.730451947971123,20.0,20.0
439,2011-11-07,6.333046528503859,6.616221959173512,2.730451947971123,2.730451947971123,20.0,20.0
440,2011-11-14,6.298650843913369,6.621404870550162,2.730451947971123,2.730451947971123,20.0,20.0
441,2011-11-21,6.284515631067961,6.646377079910381,2.730451947971123,2.730451947971123,20.0,20.0
442,2011-11-28,6.274620982076176,6.648261774956435,2.730451947971123,2.730451947971123,20.0,20.0
443,2011-12-05,6.256245205377147,6.643078863579786,2.730451947971123,2.730451947971123,20.0,20.0
444,2011-12-12,6.244465861339308,6.641194168533731,2.730451947971123,2.730451947971123,20.0,20.0
445,2011-12-19,6.242581166293254,6.640251821010705,2.730451947971123,2.730451947971123,20.0,20.0
446,2011-12-26,6.238811776201145,6.632713040826488,2.730451947971123,2.730451947971123,20.0,20.0
447,2012-01-02,6.238340602439632,6.636011257157083,2.730451947971123,2.730451947971123,20.0,20.0
448,2012-01-09,6.251533467762012,6.643550037341299,2.730451947971123,2.730451947971123,20.0,20.0
449,2012-01-16,6.280275067214339,6.676061026885735,2.730451947971123,2.730451947971123,20.0,20.0
450,2012-01-23,6.300535538959423,6.693494456061738,2.730451947971123,2.730451947971123,20.0,20.0
451,2012-01-30,6.318440141896938,6.7118702327607656,2.730451947971123,2.730451947971123,20.0,20.0
452,2012-02-06,6.325507748319641,6.701975583768982,2.730451947971123,2.730451947971123,20.0,20.0
453,2012-02-13,6.356134042818024,6.729774835698283,2.730451947971123,2.730451947971123,20.0,20.0
454,2012-02-20,6.370740429424945,6.744852396066717,2.730451947971123,2.730451947971123,20.0,20.0
455,2012-02-27,6.4178578055763005,6.78113277570326,2.730451947971123,2.730451947971123,20.0,20.0
456,2012-03-05,6.46921574558128,6.8183555028628335,2.730451947971123,2.730451947971123,20.0,20.0
457,2012-03-12,6.497486171272095,6.83908714836943,2.730451947971123,2.730451947971123,20.0,20.0
458,2012-03-19,6.547430589992532,6.886675698282301,2.730451947971123,2.730451947971123,20.0,20.0
459,2012-03-26,6.571931625591237,6.905522648742844,2.730451947971123,2.730451947971123,20.0,20.0
460,2012-04-02,6.643078863579786,6.958294110032362,2.730451947971123,2.730451947971123,20.0,20.0
461,2012-04-09,6.689253892208116,6.973371670400797,2.730451947971123,2.730451947971123,20.0,20.0
462,2012-04-16,6.698677367438386,6.9752563654468505,2.730451947971123,2.730451947971123,20.0,20.0
463,2012-04-23,6.6793592432163305,6.971486975354742,2.730451947971123,2.730451947971123,20.0,20.0
464,2012-04-30,6.643550037341299,6.928610163057009,2.730451947971123,2.730451947971123,20.0,20.0
465,2012-05-07,6.6030290938511325,6.897983868558626,2.730451947971123,2.730451947971123,20.0,20.0
466,2012-05-14,6.515861947971122,6.809403201394076,2.730451947971123,2.730451947971123,20.0,20.0
467,2012-05-21,6.397126160069704,6.678888069454817,2.730451947971123,2.730451947971123,20.0,20.0
468,2012-05-28,6.331161833457805,6.619520175504108,2.730451947971123,2.730451947971123,20.0,20.0
469,2012-06-04,6.3165554468508835,6.594547966143889,2.730451947971123,2.730451947971123,20.0,20.0
470,2012-06-11,6.298179670151853,6.576643363206373,2.730451947971123,2.730451947971123,20.0,20.0
471,2012-06-18,6.219022478217576,6.4885338698033355,2.730451947971123,2.730451947971123,20.0,20.0
472,2012-06-25,6.1982908327109785,6.464504007966144,2.730451947971123,2.730451947971123,20.0,20.0
473,2012-07-02,6.148817587752054,6.403722592730894,2.730451947971123,2.730451947971123,20.0,20.0
474,2012-07-09,6.175203318396814,6.428694802091113,2.730451947971123,2.730451947971123,20.0,20.0
475,2012-07-16,6.195463790141897,6.448012926313169,2.730451947971123,2.730451947971123,20.0,20.0
476,2012-07-23,6.229388300970874,6.489005043564849,2.730451947971123,2.730451947971123,20.0,20.0
477,2012-07-30,6.256245205377147,6.513977252925068,2.730451947971123,2.730451947971123,20.0,20.0
478,2012-08-06,6.284986804829474,6.539420636046801,2.730451947971123,2.730451947971123,20.0,20.0
479,2012-08-13,6.326450095842669,6.570989278068211,2.730451947971123,2.730451947971123,20.0,20.0
480,2012-08-20,6.394770291262136,6.633655388349514,2.730451947971123,2.730451947971123,20.0,20.0
481,2012-08-27,6.459792270351008,6.698677367438386,2.730451947971123,2.730451947971123,20.0,20.0
482,2012-09-03,6.5036114301717705,6.731659530744337,2.730451947971123,2.730451947971123,20.0,20.0
483,2012-09-10,6.545074721184964,6.7688822579039085,2.730451947971123,2.730451947971123,20.0,20.0
484,2012-09-17,6.569104583022155,6.793383293502615,2.730451947971123,2.730451947971123,20.0,20.0
485,2012-09-24,6.574758668160318,6.801864421209859,2.730451947971123,2.730451947971123,20.0,20.0
486,2012-10-01,6.5224583806323135,6.750977654966393,2.730451947971123,2.730451947971123,20.0,20.0
487,2012-10-08,6.513506079163555,6.7401406584515815,2.730451947971123,2.730451947971123,20.0,20.0
488,2012-10-15,6.518688990540204,6.748621786158825,2.730451947971123,2.730451947971123,20.0,20.0
489,2012-10-22,6.515861947971122,6.748621786158825,2.730451947971123,2.730451947971123,20.0,20.0
490,2012-10-29,6.454138185212845,6.737784789644013,2.730451947971123,2.730451947971123,20.0,20.0
491,2012-11-05,6.4282236283296,6.726005445606174,2.730451947971123,2.730451947971123,20.0,20.0
492,2012-11-12,6.365086344286782,6.678416895693304,2.730451947971123,2.730451947971123,20.0,20.0
493,2012-11-19,6.340114134926562,6.659098771471248,2.730451947971123,2.730451947971123,20.0,20.0
494,2012-11-26,6.331633007219318,6.649675296240975,2.730451947971123,2.730451947971123,20.0,20.0
495,2012-12-03,6.268966896938014,6.639309473487677,2.730451947971123,2.730451947971123,20.0,20.0
496,2012-12-10,6.245408208862336,6.632241867064973,2.730451947971123,2.730451947971123,20.0,20.0
497,2012-12-17,6.218551304456061,6.600202051282052,2.730451947971123,2.730451947971123,20.0,20.0
498,2012-12-24,6.217137783171521,6.588893881005726,2.730451947971123,2.730451947971123,20.0,20.0
499,2012-12-31,6.2157242618869795,6.5874803597211855,2.730451947971123,2.730451947971123,20.0,20.0
500,2013-01-07,6.2128972193179,6.584653317152103,2.730451947971123,2.730451947971123,20.0,20.0
501,2013-01-14,6.219493651979089,6.581355100821509,2.730451947971123,2.730451947971123,20.0,20.0
502,2013-01-21,6.229388300970874,6.594076792382375,2.730451947971123,2.730451947971123,20.0,20.0
503,2013-01-28,6.264255159322877,6.632713040826488,2.730451947971123,2.730451947971123,20.0,20.0
504,2013-02-04,6.331633007219318,6.686426849639035,2.730451947971123,2.730451947971123,20.0,20.0
505,2013-02-11,6.3872315110779185,6.739198310928553,2.730451947971123,2.730451947971123,20.0,20.0
506,2013-02-18,6.448484100074683,6.7929121197411,2.730451947971123,2.730451947971123,20.0,20.0
507,2013-02-25,6.525756596962908,6.857934098829974,2.730451947971123,2.730451947971123,20.0,20.0
508,2013-03-04,6.571460451829724,6.895156825989544,2.730451947971123,2.730451947971123,20.0,20.0
509,2013-03-11,6.596432661189943,6.912590255165546,2.730451947971123,2.730451947971123,20.0,20.0
510,2013-03-18,6.48240861090366,6.824480761762509,2.730451947971123,2.730451947971123,20.0,20.0
511,2013-03-25,6.459321096589495,6.800450899925318,2.730451947971123,2.730451947971123,20.0,20.0
512,2013-04-01,6.46921574558128,6.761814651481204,2.730451947971123,2.730451947971123,20.0,20.0
513,2013-04-08,6.469686919342793,6.743910048543689,2.730451947971123,2.730451947971123,20.0,20.0
514,2013-04-15,6.460263444112523,6.675118679362708,2.730451947971123,2.730451947971123,20.0,20.0
515,2013-04-22,6.3928855962160815,6.62658778192681,2.730451947971123,2.730451947971123,20.0,20.0
516,2013-04-29,6.344825872541698,6.577114536967887,2.730451947971123,2.730451947971123,20.0,20.0
517,2013-05-06,6.2864003261140144,6.527641292008962,2.730451947971123,2.730451947971123,20.0,20.0
518,2013-05-13,6.272265113268609,6.5149196004480965,2.730451947971123,2.730451947971123,20.0,20.0
519,2013-05-20,6.274620982076176,6.521987206870799,2.730451947971123,2.730451947971123,20.0,20.0
520,2013-05-27,6.296766148867313,6.540834157331342,2.730451947971123,2.730451947971123,20.0,20.0
521,2013-06-03,6.315613099327856,6.557325238984316,2.730451947971123,2.730451947971123,20.0,20.0
522,2013-06-10,6.32786361712721,6.56957575678367,2.730451947971123,2.730451947971123,20.0,20.0
523,2013-06-17,6.335402397311427,6.574758668160318,2.730451947971123,2.730451947971123,20.0,20.0
524,2013-06-24,6.338229439880508,6.579470405775453,2.730451947971123,2.730451947971123,20.0,20.0
525,2013-07-01,6.287342673637043,6.526227770724422,2.730451947971123,2.730451947971123,20.0,20.0
526,2013-07-08,6.3028914077669915,6.536593593477719,2.730451947971123,2.730451947971123,20.0,20.0
527,2013-07-15,6.358489911625591,6.588893881005726,2.730451947971123,2.730451947971123,20.0,20.0
528,2013-07-22,6.40984785163057,6.63035717201892,2.730451947971123,2.730451947971123,20.0,20.0
529,2013-07-29,6.448955273836196,6.664281682847896,2.730451947971123,2.730451947971123,20.0,20.0
530,2013-08-05,6.4560228802589,6.675118679362708,2.730451947971123,2.730451947971123,20.0,20.0
531,2013-08-12,6.461205791635549,6.682186285785412,2.730451947971123,2.730451947971123,20.0,20.0
532,2013-08-19,6.455080532735872,6.677945721931789,2.730451947971123,2.730451947971123,20.0,20.0
533,2013-08-28,6.447070578790143,6.680301590739357,2.730451947971123,2.730451947971123,20.0,20.0
534,2013-09-02,6.4616769653970625,6.694907977346278,2.730451947971123,2.730451947971123,20.0,20.0
535,2013-09-09,6.483350958426686,6.722236055514064,2.730451947971123,2.730451947971123,20.0,20.0
536,2013-09-16,6.47722569952701,6.715168449091363,2.730451947971123,2.730451947971123,20.0,20.0
537,2013-09-23,6.452724663928304,6.694907977346278,2.730451947971123,2.730451947971123,20.0,20.0
538,2013-09-30,6.285457978590989,6.6053849626587,2.730451947971123,2.730451947971123,20.0,20.0
539,2013-10-07,6.201589049041573,6.541305331092856,2.730451947971123,2.730451947971123,20.0,20.0
540,2013-10-14,6.203944917849141,6.55638289146129,2.730451947971123,2.730451947971123,20.0,20.0
541,2013-10-21,6.197348485187951,6.548844111277073,2.730451947971123,2.730451947971123,20.0,20.0
542,2013-10-28,6.192165573811302,6.5436611999004235,2.730451947971123,2.730451947971123,20.0,20.0
543,2013-11-04,6.121489509584267,6.479110394573064,2.730451947971123,2.730451947971123,20.0,20.0
544,2013-11-11,6.111594860592483,6.470158093104307,2.730451947971123,2.730451947971123,20.0,20.0
545,2013-11-18,6.1200759882997255,6.47722569952701,2.730451947971123,2.730451947971123,20.0,20.0
546,2013-11-25,6.126672420960916,6.489005043564849,2.730451947971123,2.730451947971123,20.0,20.0
547,2013-12-02,6.137038243714215,6.497486171272095,2.730451947971123,2.730451947971123,20.0,20.0
548,2013-12-09,6.161068105551406,6.5281124657704765,2.730451947971123,2.730451947971123,20.0,20.0
549,2013-12-16,6.170491580781678,6.541776504854369,2.730451947971123,2.730451947971123,20.0,20.0
550,2013-12-23,6.1276147684839435,6.510207862832959,2.730451947971123,2.730451947971123,20.0,20.0
551,2013-12-30,6.126672420960916,6.501255561364202,2.730451947971123,2.730451947971123,20.0,20.0
552,2014-01-06,6.137509417475727,6.5073808202638785,2.730451947971123,2.730451947971123,20.0,20.0
553,2014-01-13,6.142221155090865,6.518217816778691,2.730451947971123,2.730451947971123,20.0,20.0
554,2014-01-20,6.095574952701021,6.465917529250684,2.730451947971123,2.730451947971123,20.0,20.0
555,2014-01-27,6.079083871048046,6.4522534901667905,2.730451947971123,2.730451947971123,20.0,20.0
556,2014-02-03,6.071073917102315,6.447541752551656,2.730451947971123,2.730451947971123,20.0,20.0
557,2014-02-10,6.069189222056261,6.447541752551656,2.730451947971123,2.730451947971123,20.0,20.0
558,2014-02-17,6.0856803037092355,6.446128231267115,2.730451947971123,2.730451947971123,20.0,20.0
559,2014-02-24,6.08756499875529,6.452724663928304,2.730451947971123,2.730451947971123,20.0,20.0
560,2014-03-03,6.0951037789395075,6.462148139158576,2.730451947971123,2.730451947971123,20.0,20.0
561,2014-03-10,6.096517300224047,6.458849922827982,2.730451947971123,2.730451947971123,20.0,20.0
562,2014-03-17,6.066833353248692,6.420684848145382,2.730451947971123,2.730451947971123,20.0,20.0
563,2014-03-24,6.057881051779935,6.407963156584516,2.730451947971123,2.730451947971123,20.0,20.0
564,2014-03-31,6.066833353248692,6.402780245207866,2.730451947971123,2.730451947971123,20.0,20.0
565,2014-04-07,6.0644774844411256,6.408434330346029,2.730451947971123,2.730451947971123,20.0,20.0
566,2014-04-14,6.072958612148368,6.410319025392084,2.730451947971123,2.730451947971123,20.0,20.0
567,2014-04-21,6.083324434901669,6.413617241722679,2.730451947971123,2.730451947971123,20.0,20.0
568,2014-04-28,6.082382087378641,6.404664940253921,2.730451947971123,2.730451947971123,20.0,20.0
569,2014-05-05,6.090863215085886,6.415501936768733,2.730451947971123,2.730451947971123,20.0,20.0
570,2014-05-12,6.101700211600697,6.425396585760518,2.730451947971123,2.730451947971123,20.0,20.0
571,2014-05-19,6.097930821508587,6.4159731105302455,2.730451947971123,2.730451947971123,20.0,20.0
572,2014-05-26,6.10217138536221,6.424925411999005,2.730451947971123,2.730451947971123,20.0,20.0
573,2014-06-02,6.107825470500373,6.425867759522031,2.730451947971123,2.730451947971123,20.0,20.0
574,2014-06-09,6.1106525130694545,6.40984785163057,2.730451947971123,2.730451947971123,20.0,20.0
575,2014-06-16,6.119604814538212,6.386289163554891,2.730451947971123,2.730451947971123,20.0,20.0
576,2014-06-23,6.131855332337564,6.384404468508837,2.730451947971123,2.730451947971123,20.0,20.0
577,2014-06-30,6.157769889220812,6.40984785163057,2.730451947971123,2.730451947971123,20.0,20.0
578,2014-07-07,6.177088013442868,6.418328979337814,2.730451947971123,2.730451947971123,20.0,20.0
579,2014-07-14,6.177559187204382,6.4159731105302455,2.730451947971123,2.730451947971123,20.0,20.0
580,2014-07-21,6.174260970873786,6.393356769977594,2.730451947971123,2.730451947971123,20.0,20.0
581,2014-07-28,6.164366321882002,6.384404468508837,2.730451947971123,2.730451947971123,20.0,20.0
582,2014-08-04,6.107825470500373,6.328334790888722,2.730451947971123,2.730451947971123,20.0,20.0
583,2014-08-11,6.097459647747074,6.306660797859099,2.730451947971123,2.730451947971123,20.0,20.0
584,2014-08-18,6.091805562608911,6.30147788648245,2.730451947971123,2.730451947971123,20.0,20.0
585,2014-08-25,6.047044055265124,6.274149808314663,2.730451947971123,2.730451947971123,20.0,20.0
586,2014-09-01,6.031495321135175,6.255774031615634,2.730451947971123,2.730451947971123,20.0,20.0
587,2014-09-08,6.047044055265124,6.2708515919840675,2.730451947971123,2.730451947971123,20.0,20.0
588,2014-09-15,6.0512846191187455,6.272736287030122,2.730451947971123,2.730451947971123,20.0,20.0
589,2014-09-22,6.060236920587503,6.28168858849888,2.730451947971123,2.730451947971123,20.0,20.0
590,2014-09-29,6.0588233993029625,6.277448024645257,2.730451947971123,2.730451947971123,20.0,20.0
591,2014-10-06,5.973540948469006,6.1926367475728155,2.730451947971123,2.730451947971123,20.0,20.0
592,2014-10-13,5.960348083146627,6.176145665919842,2.730451947971123,2.730451947971123,20.0,20.0
593,2014-10-20,5.908518969380134,6.125258899676375,2.730451947971123,2.730451947971123,20.0,20.0
594,2014-10-27,5.894854930296241,6.112066034353996,2.730451947971123,2.730451947971123,20.0,20.0
595,2014-11-03,5.839727600199153,6.057409878018421,2.730451947971123,2.730451947971123,20.0,20.0
596,2014-11-10,5.792610224047797,6.011706023151606,2.730451947971123,2.730451947971123,20.0,20.0
597,2014-11-17,5.7718785785412,5.998513157829225,2.730451947971123,2.730451947971123,20.0,20.0
598,2014-11-24,5.761983929549415,5.991916725168036,2.730451947971123,2.730451947971123,20.0,20.0
599,2014-12-01,5.709683642021409,5.941972306447598,2.730451947971123,2.730451947971123,20.0,20.0
600,2014-12-08,5.646075184217077,5.879777369927807,2.730451947971123,2.730451947971123,20.0,20.0
601,2014-12-15,5.479750846402788,5.7685803622106055,2.730451947971123,2.730451947971123,20.0,20.0
602,2014-12-22,5.355360973363206,5.692250212845407,2.730451947971123,2.730451947971123,20.0,20.0
603,2014-12-29,5.3318022852875275,5.671047393577296,2.730451947971123,2.730451947971123,20.0,20.0
604,2015-01-05,5.232855795369678,5.5565521695295,2.730451947971123,2.730451947971123,20.0,20.0
605,2015-01-12,5.129668741598208,5.47598145631068,2.730451947971123,2.730451947971123,20.0,20.0
606,2015-01-19,5.03354929424944,5.386929615384615,2.730451947971123,2.730451947971123,20.0,20.0
607,2015-01-26,5.009519432412248,5.360072710978343,2.730451947971123,2.730451947971123,20.0,20.0
608,2015-02-02,4.996326567089868,5.353005104555638,2.730451947971123,2.730451947971123,20.0,20.0
609,2015-02-09,5.010932953696789,5.367140317401046,2.730451947971123,2.730451947971123,20.0,20.0
610,2015-02-16,5.053809765994523,5.405776565845158,2.730451947971123,2.730451947971123,20.0,20.0
611,2015-02-23,5.104696532237989,5.453365115758028,2.730451947971123,2.730451947971123,20.0,20.0
612,2015-03-02,5.145217475728156,5.4957707542942495,2.730451947971123,2.730451947971123,20.0,20.0
613,2015-03-09,5.186209592979835,5.53676287154593,2.730451947971123,2.730451947971123,20.0,20.0
614,2015-03-16,5.231913447846652,5.5721009036594475,2.730451947971123,2.730451947971123,20.0,20.0
615,2015-03-23,5.26065504729898,5.5933037229275575,2.730451947971123,2.730451947971123,20.0,20.0
616,2015-03-30,5.279973171521036,5.605554240726911,2.730451947971123,2.730451947971123,20.0,20.0
617,2015-04-06,5.294579558127956,5.611208325865074,2.730451947971123,2.730451947971123,20.0,20.0
618,2015-04-13,5.301647164550659,5.6140353684341555,2.730451947971123,2.730451947971123,20.0,20.0
619,2015-04-20,5.3181382462036355,5.613564194672641,2.730451947971123,2.730451947971123,20.0,20.0
620,2015-04-27,5.350178061986557,5.634295840179238,2.730451947971123,2.730451947971123,20.0,20.0
621,2015-05-04,5.384102572815533,5.6540851381628086,2.730451947971123,2.730451947971123,20.0,20.0
622,2015-05-11,5.42320999502116,5.681884390092109,2.730451947971123,2.730451947971123,20.0,20.0
623,2015-05-18,5.453365115758028,5.70308720936022,2.730451947971123,2.730451947971123,20.0,20.0
624,2015-05-25,5.466557981080409,5.716280074682599,2.730451947971123,2.730451947971123,20.0,20.0
625,2015-06-01,5.471740892457057,5.715337727159572,2.730451947971123,2.730451947971123,20.0,20.0
626,2015-06-08,5.477866151356734,5.717222422205626,2.730451947971123,2.730451947971123,20.0,20.0
627,2015-06-15,5.483991410256411,5.715337727159572,2.730451947971123,2.730451947971123,20.0,20.0
628,2015-06-22,5.493886059248195,5.711097163305949,2.730451947971123,2.730451947971123,20.0,20.0
629,2015-06-29,5.491530190440628,5.700731340552651,2.730451947971123,2.730451947971123,20.0,20.0
630,2015-07-06,5.481635541448843,5.689894344037839,2.730451947971123,2.730451947971123,20.0,20.0
631,2015-07-13,5.484933757779437,5.5989578080657205,2.730451947971123,2.730451947971123,20.0,20.0
632,2015-07-20,5.502838360716954,5.580110857605178,2.730451947971123,2.730451947971123,20.0,20.0
633,2015-07-27,5.486347279063978,5.51037714090117,2.730451947971123,2.730451947971123,20.0,20.0
634,2015-08-03,5.471269718695544,5.426508211351756,2.730451947971123,2.730451947971123,20.0,20.0
635,2015-08-10,5.441114597958676,5.380804356484939,2.730451947971123,2.730451947971123,20.0,20.0
636,2015-08-17,5.398708959422454,5.279501997759522,2.730451947971123,2.730451947971123,20.0,20.0
637,2015-08-24,5.335100501618123,5.232384621608165,2.730451947971123,2.730451947971123,20.0,20.0
638,2015-08-31,5.239923401792382,5.179141986557132,2.730451947971123,2.730451947971123,20.0,20.0
639,2015-09-07,5.225317015185462,5.172545553895943,2.730451947971123,2.730451947971123,20.0,20.0
640,2015-09-14,5.211181802340054,5.180555507841673,2.730451947971123,2.730451947971123,20.0,20.0
641,2015-09-21,5.211652976101568,5.207412412247947,2.730451947971123,2.730451947971123,20.0,20.0
642,2015-09-28,5.157939167289022,5.204114195917351,2.730451947971123,2.730451947971123,20.0,20.0
643,2015-10-05,5.132966957928803,5.2097682810555135,2.730451947971123,2.730451947971123,20.0,20.0
644,2015-10-12,5.134380479213343,5.219662930047299,2.730451947971123,2.730451947971123,20.0,20.0
645,2015-10-19,5.136265174259397,5.2380387067463285,2.730451947971123,2.730451947971123,20.0,20.0
646,2015-10-26,5.090561319392582,5.211652976101568,2.730451947971123,2.730451947971123,20.0,20.0
647,2015-11-02,5.051453897186955,5.18950780931043,2.730451947971123,2.730451947971123,20.0,20.0
648,2015-11-09,5.04815568085636,5.186680766741349,2.730451947971123,2.730451947971123,20.0,20.0
649,2015-11-16,5.05852150360966,5.197988937017675,2.730451947971123,2.730451947971123,20.0,20.0
650,2015-11-23,5.055223287279064,5.195633068210107,2.730451947971123,2.730451947971123,20.0,20.0
651,2015-11-30,5.04014572691063,5.183382550410754,2.730451947971123,2.730451947971123,20.0,20.0
652,2015-12-07,5.029779904157332,5.179141986557132,2.730451947971123,2.730451947971123,20.0,20.0
653,2015-12-14,4.900207119741101,5.091974840677122,2.730451947971123,2.730451947971123,20.0,20.0
654,2015-12-21,4.821521101568335,5.0434439432412255,2.730451947971123,2.730451947971123,20.0,20.0
655,2015-12-28,4.811155278815036,5.014702343788898,2.730451947971123,2.730451947971123,20.0,20.0
656,2016-01-04,4.805972367438387,5.009519432412248,2.730451947971123,2.730451947971123,20.0,20.0
657,2016-01-11,4.800789456061738,4.872407867811799,2.730451947971123,2.730451947971123,20.0,20.0
658,2016-01-18,4.796548892208116,4.844137442120986,2.730451947971123,2.730451947971123,20.0,20.0
659,2016-01-25,4.778644289270599,4.784298374408762,2.730451947971123,2.730451947971123,20.0,20.0
660,2016-02-01,4.775817246701518,4.751316211102813,2.730451947971123,2.730451947971123,20.0,20.0
661,2016-02-08,4.782884853124222,4.76545142394822,2.730451947971123,2.730451947971123,20.0,20.0
662,2016-02-15,4.780057810555141,4.768749640278815,2.730451947971123,2.730451947971123,20.0,20.0
663,2016-02-22,4.777230767986059,4.7649802501867065,2.730451947971123,2.730451947971123,20.0,20.0
664,2016-02-29,4.778644289270599,4.776759594224545,2.730451947971123,2.730451947971123,20.0,20.0
665,2016-03-07,4.780528984316654,4.79042363330844,2.730451947971123,2.730451947971123,20.0,20.0
666,2016-03-14,4.792308328354493,4.830473403037092,2.730451947971123,2.730451947971123,20.0,20.0
667,2016-03-21,4.833300445606174,4.8832448643266115,2.730451947971123,2.730451947971123,20.0,20.0
668,2016-03-28,4.871936694050286,4.919054070201644,2.730451947971123,2.730451947971123,20.0,20.0
669,2016-04-04,4.924236981578292,4.962402056260891,2.730451947971123,2.730451947971123,20.0,20.0
670,2016-04-11,4.965700272591486,4.993499524520787,2.730451947971123,2.730451947971123,20.0,20.0
671,2016-04-18,5.01375999626587,5.04014572691063,2.730451947971123,2.730451947971123,20.0,20.0
672,2016-04-25,5.04815568085636,5.07312789021658,2.730451947971123,2.730451947971123,20.0,20.0
673,2016-05-02,5.080195496639283,5.116004702514314,2.730451947971123,2.730451947971123,20.0,20.0
674,2016-05-09,5.097628925815285,5.135794000497884,2.730451947971123,2.730451947971123,20.0,20.0
675,2016-05-16,5.113648833706747,5.149929213343291,2.730451947971123,2.730451947971123,20.0,20.0
676,2016-05-23,5.141448085636047,5.178199639034106,2.730451947971123,2.730451947971123,20.0,20.0
677,2016-05-30,5.173016727657457,5.215893539955191,2.730451947971123,2.730451947971123,20.0,20.0
678,2016-06-06,5.201758327109784,5.250289224545681,2.730451947971123,2.730451947971123,20.0,20.0
679,2016-06-13,5.231442274085138,5.27667495519044,2.730451947971123,2.730451947971123,20.0,20.0
680,2016-06-20,5.240394575553896,5.2917525155588745,2.730451947971123,2.730451947971123,20.0,20.0
681,2016-06-27,5.250760398307195,5.303531859596713,2.730451947971123,2.730451947971123,20.0,20.0
682,2016-07-04,5.26065504729898,5.317667072442121,2.730451947971123,2.730451947971123,20.0,20.0
683,2016-07-11,5.271963217575306,5.328504068956933,2.730451947971123,2.730451947971123,20.0,20.0
684,2016-07-18,5.273376738859846,5.324263505103311,2.730451947971123,2.730451947971123,20.0,20.0
685,2016-07-25,5.262539742345034,5.319080593726661,2.730451947971123,2.730451947971123,20.0,20.0
686,2016-08-01,5.232384621608165,5.2974066006970375,2.730451947971123,2.730451947971123,20.0,20.0
687,2016-08-08,5.171132032611402,5.248875703261141,2.730451947971123,2.730451947971123,20.0,20.0
688,2016-08-15,5.148986865820263,5.230971100323624,2.730451947971123,2.730451947971123,20.0,20.0
689,2016-08-22,5.165477947473239,5.26348208986806,2.730451947971123,2.730451947971123,20.0,20.0
690,2016-08-29,5.203171848394325,5.3030606858352005,2.730451947971123,2.730451947971123,20.0,20.0
691,2016-09-05,5.228615231516057,5.328975242718446,2.730451947971123,2.730451947971123,20.0,20.0
692,2016-09-12,5.244635139407518,5.344052803086881,2.730451947971123,2.730451947971123,20.0,20.0
693,2016-09-19,5.2436927918844916,5.335100501618123,2.730451947971123,2.730451947971123,20.0,20.0
694,2016-09-26,5.246991008215086,5.342168108040826,2.730451947971123,2.730451947971123,20.0,20.0
695,2016-10-03,5.26065504729898,5.357716842170774,2.730451947971123,2.730451947971123,20.0,20.0
696,2016-10-10,5.293637210604929,5.390227831715211,2.730451947971123,2.730451947971123,20.0,20.0
697,2016-10-17,5.358188015932288,5.465615633557381,2.730451947971123,2.730451947971123,20.0,20.0
698,2016-10-24,5.427921732636296,5.545715173014687,2.730451947971123,2.730451947971123,20.0,20.0
699,2016-10-31,5.466557981080409,5.579639683843665,2.730451947971123,2.730451947971123,20.0,20.0
700,2016-11-07,5.492001364202141,5.6083812832959925,2.730451947971123,2.730451947971123,20.0,20.0
701,2016-11-14,5.489174321633059,5.598486634304207,2.730451947971123,2.730451947971123,20.0,20.0
702,2016-11-21,5.404834218322131,5.532522307692307,2.730451947971123,2.730451947971123,20.0,20.0
703,2016-11-28,5.358188015932288,5.492472537963654,2.730451947971123,2.730451947971123,20.0,20.0
704,2016-12-05,5.355360973363206,5.500953665670898,2.730451947971123,2.730451947971123,20.0,20.0
705,2016-12-12,5.38221787776948,5.53676287154593,2.730451947971123,2.730451947971123,20.0,20.0
706,2016-12-19,5.418498257406024,5.588591985312422,2.730451947971123,2.730451947971123,20.0,20.0
707,2016-12-26,5.439701076674135,5.6083812832959925,2.730451947971123,2.730451947971123,20.0,20.0
708,2017-01-02,5.512733009708739,5.655498659447349,2.730451947971123,2.730451947971123,20.0,20.0
709,2017-01-09,5.558908038337068,5.715337727159572,2.730451947971123,2.730451947971123,20.0,20.0
710,2017-01-16,5.589534332835449,5.753031628080657,2.730451947971123,2.730451947971123,20.0,20.0
711,2017-01-23,5.627228233756535,5.783657922579039,2.730451947971123,2.730451947971123,20.0,20.0
712,2017-01-30,5.654556311924322,5.804389568085636,2.730451947971123,2.730451947971123,20.0,20.0
713,2017-02-06,5.662566265870052,5.807216610654717,2.730451947971123,2.730451947971123,20.0,20.0
714,2017-02-13,5.661152744585512,5.803447220562608,2.730451947971123,2.730451947971123,20.0,20.0
715,2017-02-20,5.66350861339308,5.802504873039583,2.730451947971123,2.730451947971123,20.0,20.0
716,2017-02-27,5.659739223300972,5.79826430918596,2.730451947971123,2.730451947971123,20.0,20.0
717,2017-03-06,5.655027485685835,5.790725529001743,2.730451947971123,2.730451947971123,20.0,20.0
718,2017-03-13,5.644661662932537,5.784600270102066,2.730451947971123,2.730451947971123,20.0,20.0
719,2017-03-20,5.6046118932038835,5.740781110281305,2.730451947971123,2.730451947971123,20.0,20.0
720,2017-03-27,5.561263907144635,5.704971904406273,2.730451947971123,2.730451947971123,20.0,20.0
721,2017-04-03,5.509434793378143,5.6503157480707,2.730451947971123,2.730451947971123,20.0,20.0
722,2017-04-10,5.513675357231764,5.653142790639781,2.730451947971123,2.730451947971123,20.0,20.0
723,2017-04-17,5.53817639283047,5.671047393577296,2.730451947971123,2.730451947971123,20.0,20.0
724,2017-04-24,5.566917992282798,5.690365517799353,2.730451947971123,2.730451947971123,20.0,20.0
725,2017-05-01,5.563619775952203,5.690836691560866,2.730451947971123,2.730451947971123,20.0,20.0
726,2017-05-08,5.515560052277819,5.622987669902913,2.730451947971123,2.730451947971123,20.0,20.0
727,2017-05-15,5.446768683096838,5.5433593042071205,2.730451947971123,2.730451947971123,20.0,20.0
728,2017-05-22,5.4500668994274335,5.548542215583769,2.730451947971123,2.730451947971123,20.0,20.0
729,2017-05-29,5.4557209845655965,5.554196300721931,2.730451947971123,2.730451947971123,20.0,20.0
730,2017-06-05,5.457134505850137,5.557494517052527,2.730451947971123,2.730451947971123,20.0,20.0
731,2017-06-12,5.451009246950461,5.548542215583769,2.730451947971123,2.730451947971123,20.0,20.0
732,2017-06-19,5.424152342544187,5.521214137415982,2.730451947971123,2.730451947971123,20.0,20.0
733,2017-06-26,5.391641352999752,5.477866151356734,2.730451947971123,2.730451947971123,20.0,20.0
734,2017-07-03,5.359130363455314,5.4481822043813795,2.730451947971123,2.730451947971123,20.0,20.0
735,2017-07-10,5.351591583271098,5.432162296489919,2.730451947971123,2.730451947971123,20.0,20.0
736,2017-07-17,5.3661979698780184,5.445826335573811,2.730451947971123,2.730451947971123,20.0,20.0
737,2017-07-24,5.370909707493154,5.452893941996515,2.730451947971123,2.730451947971123,20.0,20.0
738,2017-07-31,5.378919661438885,5.465144459795868,2.730451947971123,2.730451947971123,20.0,20.0
739,2017-08-07,5.4081324346527255,5.4957707542942495,2.730451947971123,2.730451947971123,20.0,20.0
740,2017-08-14,5.443470466766244,5.532993481453822,2.730451947971123,2.730451947971123,20.0,20.0
741,2017-08-21,5.467500328603435,5.562206254667663,2.730451947971123,2.730451947971123,20.0,20.0
742,2017-08-28,5.484462584017924,5.57115855613642,2.730451947971123,2.730451947971123,20.0,20.0
743,2017-09-04,5.51037714090117,5.596130765496639,2.730451947971123,2.730451947971123,20.0,20.0
744,2017-09-11,5.5664468185212845,5.651258095593727,2.730451947971123,2.730451947971123,20.0,20.0
745,2017-09-18,5.599900155588747,5.681884390092109,2.730451947971123,2.730451947971123,20.0,20.0
746,2017-09-25,5.6008425031117755,5.697433124222057,2.730451947971123,2.730451947971123,20.0,20.0
747,2017-10-02,5.565975644759771,5.67151856733881,2.730451947971123,2.730451947971123,20.0,20.0
748,2017-10-09,5.520271789892955,5.678115,2.730451947971123,2.730451947971123,20.0,20.0
749,2017-10-16,5.513204183470251,5.673874436146377,2.730451947971123,2.730451947971123,20.0,20.0
750,2017-10-23,5.514617704754793,5.6847114326611905,2.730451947971123,2.730451947971123,20.0,20.0
751,2017-10-30,5.515560052277819,5.683769085138162,2.730451947971123,2.730451947971123,20.0,20.0
752,2017-11-06,5.539589914115011,5.713924205875031,2.730451947971123,2.730451947971123,20.0,20.0
753,2017-11-13,5.6027271981578295,5.780830880009958,2.730451947971123,2.730451947971123,20.0,20.0
754,2017-11-20,5.638536404032861,5.810514826985312,2.730451947971123,2.730451947971123,20.0,20.0
755,2017-11-27,5.660210397062484,5.83265999377645,2.730451947971123,2.730451947971123,20.0,20.0
756,2017-12-04,5.642305794124969,5.805331915608663,2.730451947971123,2.730451947971123,20.0,20.0
757,2017-12-11,5.649844574309186,5.8279482561613145,2.730451947971123,2.730451947971123,20.0,20.0
758,2017-12-18,5.653142790639781,5.8336023412994775,2.730451947971123,2.730451947971123,20.0,20.0
759,2017-12-25,5.6540851381628086,5.815697738361962,2.730451947971123,2.730451947971123,20.0,20.0
760,2018-01-01,5.663037439631566,5.81946712845407,2.730451947971123,2.730451947971123,20.0,20.0
761,2018-01-08,5.678586173761514,5.841141121483694,2.730451947971123,2.730451947971123,20.0,20.0
762,2018-01-15,5.69931781926811,5.869882720936022,2.730451947971123,2.730451947971123,20.0,20.0
763,2018-01-22,5.7247612023898435,5.8929702352501865,2.730451947971123,2.730451947971123,20.0,20.0
764,2018-01-29,5.733713503858601,5.904749579288025,2.730451947971123,2.730451947971123,20.0,20.0
765,2018-02-05,5.735598198904655,5.90663427433408,2.730451947971123,2.730451947971123,20.0,20.0
766,2018-02-12,5.728530592481952,5.890614366442619,2.730451947971123,2.730451947971123,20.0,20.0
767,2018-02-19,5.678586173761514,5.851035770475479,2.730451947971123,2.730451947971123,20.0,20.0
768,2018-02-26,5.632882318894698,5.799677830470501,2.730451947971123,2.730451947971123,20.0,20.0
769,2018-03-05,5.620631801095345,5.7916678765247696,2.730451947971123,2.730451947971123,20.0,20.0
770,2018-03-12,5.612150673388101,5.793552571570824,2.730451947971123,2.730451947971123,20.0,20.0
771,2018-03-19,5.614977715957181,5.787898486432661,2.730451947971123,2.730451947971123,20.0,20.0
772,2018-03-26,5.617804758526264,5.790725529001743,2.730451947971123,2.730451947971123,20.0,20.0
773,2018-04-02,5.627228233756535,5.797793135424445,2.730451947971123,2.730451947971123,20.0,20.0
774,2018-04-09,5.652200443116754,5.822765344784665,2.730451947971123,2.730451947971123,20.0,20.0
775,2018-04-16,5.680470868807568,5.856218681852129,2.730451947971123,2.730451947971123,20.0,20.0
776,2018-04-23,5.721934159820762,5.9080477956186215,2.730451947971123,2.730451947971123,20.0,20.0
777,2018-04-30,5.75868571321882,5.937260568832462,2.730451947971123,2.730451947971123,20.0,20.0
778,2018-05-07,5.808158958177744,5.983435597460791,2.730451947971123,2.730451947971123,20.0,20.0
779,2018-05-14,5.857632203136669,6.044217012696041,2.730451947971123,2.730451947971123,20.0,20.0
780,2018-05-21,5.933491178740353,6.12714359472243,2.730451947971123,2.730451947971123,20.0,20.0
781,2018-05-28,6.011234849390092,6.203473744087628,2.730451947971123,2.730451947971123,20.0,20.0
782,2018-06-04,6.0512846191187455,6.235513559870551,2.730451947971123,2.730451947971123,20.0,20.0
783,2018-06-11,6.05976574682599,6.24870642519293,2.730451947971123,2.730451947971123,20.0,20.0
784,2018-06-18,6.027254757281553,6.218551304456061,2.730451947971123,2.730451947971123,20.0,20.0
785,2018-06-25,5.992387898929549,6.185097967388599,2.730451947971123,2.730451947971123,20.0,20.0
786,2018-07-02,5.962232778192681,6.164366321882002,2.730451947971123,2.730451947971123,20.0,20.0
787,2018-07-09,5.9824932499377645,6.197348485187951,2.730451947971123,2.730451947971123,20.0,20.0
788,2018-07-16,6.006051938013443,6.212426045556385,2.730451947971123,2.730451947971123,20.0,20.0
789,2018-07-23,6.0074654592979835,6.214781914363953,2.730451947971123,2.730451947971123,20.0,20.0
790,2018-07-30,6.009350154344038,6.216666609410008,2.730451947971123,2.730451947971123,20.0,20.0
791,2018-08-06,6.03196649489669,6.237869428678118,2.730451947971123,2.730451947971123,20.0,20.0
792,2018-08-13,6.049399924072691,6.245879382623849,2.730451947971123,2.730451947971123,20.0,20.0
793,2018-08-20,6.068246874533234,6.2651975068459045,2.730451947971123,2.730451947971123,20.0,20.0
794,2018-08-27,6.086622651232264,6.276034503360717,2.730451947971123,2.730451947971123,20.0,20.0
795,2018-09-03,6.11395072940005,6.298179670151853,2.730451947971123,2.730451947971123,20.0,20.0
796,2018-09-10,6.136567069952701,6.328334790888722,2.730451947971123,2.730451947971123,20.0,20.0
797,2018-09-17,6.153058151605676,6.340585308688076,2.730451947971123,2.730451947971123,20.0,20.0
798,2018-09-24,6.153058151605676,6.350008783918347,2.730451947971123,2.730451947971123,20.0,20.0
799,2018-10-01,6.124316552153348,6.35424934777197,2.730451947971123,2.730451947971123,20.0,20.0
800,2018-10-08,6.132326506099079,6.385817989793378,2.730451947971123,2.730451947971123,20.0,20.0
801,2018-10-15,6.163423974358975,6.43764710355987,2.730451947971123,2.730451947971123,20.0,20.0
802,2018-10-22,6.171433928304704,6.451782316405278,2.730451947971123,2.730451947971123,20.0,20.0
803,2018-10-29,6.155414020413243,6.454609358974359,2.730451947971123,2.730451947971123,20.0,20.0
804,2018-11-05,6.130441811053025,6.456494054020413,2.730451947971123,2.730451947971123,20.0,20.0
805,2018-11-12,6.075314480955937,6.458849922827982,2.730451947971123,2.730451947971123,20.0,20.0
806,2018-11-19,6.002753721682848,6.425867759522031,2.730451947971123,2.730451947971123,20.0,20.0
807,2018-11-26,5.925952398556136,6.381106252178243,2.730451947971123,2.730451947971123,20.0,20.0
808,2018-12-03,5.8566898556136415,6.331633007219318,2.730451947971123,2.730451947971123,20.0,20.0
809,2018-12-10,5.765753319641524,6.243052340054767,2.730451947971123,2.730451947971123,20.0,20.0
810,2018-12-17,5.7021448618371915,6.184626793627085,2.730451947971123,2.730451947971123,20.0,20.0
811,2018-12-24,5.6828267376151365,6.168135711974109,2.730451947971123,2.730451947971123,20.0,20.0
812,2018-12-31,5.662566265870052,6.137509417475727,2.730451947971123,2.730451947971123,20.0,20.0
813,2019-01-07,5.666806829723674,6.1408076338063236,2.730451947971123,2.730451947971123,20.0,20.0
814,2019-01-14,5.63193997137167,6.100286690316156,2.730451947971123,2.730451947971123,20.0,20.0
815,2019-01-21,5.612621847149614,6.0743721334329095,2.730451947971123,2.730451947971123,20.0,20.0
816,2019-01-28,5.620631801095345,6.082853261140154,2.730451947971123,2.730451947971123,20.0,20.0
817,2019-02-04,5.613093020911127,6.084266782424695,2.730451947971123,2.730451947971123,20.0,20.0
818,2019-02-11,5.605554240726911,6.086151477470748,2.730451947971123,2.730451947971123,20.0,20.0
819,2019-02-18,5.609323630819019,6.08897852003983,2.730451947971123,2.730451947971123,20.0,20.0
820,2019-02-25,5.61733358476475,6.109238991784913,2.730451947971123,2.730451947971123,20.0,20.0
821,2019-03-04,5.640892272840428,6.137038243714215,2.730451947971123,2.730451947971123,20.0,20.0
822,2019-03-11,5.658796875777943,6.153058151605676,2.730451947971123,2.730451947971123,20.0,20.0
823,2019-03-18,5.676701478715459,6.165308669405028,2.730451947971123,2.730451947971123,20.0,20.0
824,2019-03-25,5.693192560368434,6.179443882250436,2.730451947971123,2.730451947971123,20.0,20.0
825,2019-04-01,5.734184677620115,6.194992616380383,2.730451947971123,2.730451947971123,20.0,20.0
826,2019-04-08,5.783657922579039,6.223263042071197,2.730451947971123,2.730451947971123,20.0,20.0
827,2019-04-15,5.845381685337316,6.264726333084392,2.730451947971123,2.730451947971123,20.0,20.0
828,2019-04-22,5.9099324906646755,6.313257230520289,2.730451947971123,2.730451947971123,20.0,20.0
829,2019-04-29,5.953751650485437,6.341998829972616,2.730451947971123,2.730451947971123,20.0,20.0
830,2019-05-06,6.0074654592979835,6.380163904655215,2.730451947971123,2.730451947971123,20.0,20.0
831,2019-05-13,6.029610626089121,6.377808035847648,2.730451947971123,2.730451947971123,20.0,20.0
832,2019-05-20,6.055054009210854,6.399482028877272,2.730451947971123,2.730451947971123,20.0,20.0
833,2019-05-27,6.084737956186208,6.429165975852626,2.730451947971123,2.730451947971123,20.0,20.0
834,2019-06-03,6.097459647747074,6.426338933283544,2.730451947971123,2.730451947971123,20.0,20.0
835,2019-06-10,6.072958612148368,6.379692730893702,2.730451947971123,2.730451947971123,20.0,20.0
836,2019-06-17,6.0150042394822005,6.302420234005476,2.730451947971123,2.730451947971123,20.0,20.0
837,2019-06-24,5.967886863330843,6.210541350510332,2.730451947971123,2.730451947971123,20.0,20.0
838,2019-07-01,5.959876909385113,6.1982908327109785,2.730451947971123,2.730451947971123,20.0,20.0
839,2019-07-08,5.977310338561115,6.204416091610655,2.730451947971123,2.730451947971123,20.0,20.0
840,2019-07-15,5.990032030121982,6.2128972193179,2.730451947971123,2.730451947971123,20.0,20.0
841,2019-07-22,6.022071845904905,6.229388300970874,2.730451947971123,2.730451947971123,20.0,20.0
842,2019-07-29,6.032437668658202,6.247764077669903,2.730451947971123,2.730451947971123,20.0,20.0
843,2019-08-05,6.048457576549664,6.248235251431417,2.730451947971123,2.730451947971123,20.0,20.0
844,2019-08-12,6.047986402788151,6.24729290390839,2.730451947971123,2.730451947971123,20.0,20.0
845,2019-08-19,6.039034101319392,6.247764077669903,2.730451947971123,2.730451947971123,20.0,20.0
846,2019-08-26,6.04138997012696,6.24352351381628,2.730451947971123,2.730451947971123,20.0,20.0
847,2019-09-02,6.024427714712472,6.233157691062981,2.730451947971123,2.730451947971123,20.0,20.0
848,2019-09-09,6.021129498381877,6.214310740602439,2.730451947971123,2.730451947971123,20.0,20.0
849,2019-09-16,5.980137381130197,6.188867357480707,2.730451947971123,2.730451947971123,20.0,20.0
850,2019-09-23,5.973540948469006,6.196877311426438,2.730451947971123,2.730451947971123,20.0,20.0
851,2019-09-30,5.980137381130197,6.2114836980333585,2.730451947971123,2.730451947971123,20.0,20.0
852,2019-10-07,5.977781512322629,6.211012524271845,2.730451947971123,2.730451947971123,20.0,20.0
853,2019-10-14,5.979666207368682,6.214310740602439,2.730451947971123,2.730451947971123,20.0,20.0
854,2019-10-21,5.955636345531492,6.185569141150112,2.730451947971123,2.730451947971123,20.0,20.0
855,2019-10-28,5.925952398556136,6.153529325367189,2.730451947971123,2.730451947971123,20.0,20.0
856,2019-11-04,5.916057749564351,6.143163502613891,2.730451947971123,2.730451947971123,20.0,20.0
857,2019-11-11,5.917471270848893,6.1450481976599445,2.730451947971123,2.730451947971123,20.0,20.0
858,2019-11-18,5.917000097087379,6.14174998132935,2.730451947971123,2.730451947971123,20.0,20.0
859,2019-11-25,5.904749579288025,6.129028289768485,2.730451947971123,2.730451947971123,20.0,20.0
860,2019-12-02,5.880719717450834,6.115364250684591,2.730451947971123,2.730451947971123,20.0,20.0
861,2019-12-09,5.877892674881752,6.115364250684591,2.730451947971123,2.730451947971123,20.0,20.0
862,2019-12-16,5.858103376898183,6.104527254169779,2.730451947971123,2.730451947971123,20.0,20.0
863,2019-12-23,5.850093422952452,6.1163065982076175,2.730451947971123,2.730451947971123,20.0,20.0
864,2019-12-30,5.887787323873537,6.1507022827981075,2.730451947971123,2.730451947971123,20.0,20.0
865,2020-01-06,5.941029958924571,6.198762006472491,2.730451947971123,2.730451947971123,20.0,20.0
866,2020-01-13,5.991916725168036,6.252004641523524,2.730451947971123,2.730451947971123,20.0,20.0
867,2020-01-20,5.992387898929549,6.254360510331093,2.730451947971123,2.730451947971123,20.0,20.0
868,2020-01-27,5.999455505352253,6.260956942992283,2.730451947971123,2.730451947971123,20.0,20.0
869,2020-02-03,5.929721788648245,6.194992616380383,2.730451947971123,2.730451947971123,20.0,20.0
870,2020-02-10,5.876950327358726,6.111123686830968,2.730451947971123,2.730451947971123,20.0,20.0
871,2020-02-17,5.833131167537964,6.040447622603933,2.730451947971123,2.730451947971123,20.0,20.0
872,2020-02-24,5.8166400858849885,6.015475413243714,2.730451947971123,2.730451947971123,20.0,20.0
873,2020-03-02,5.7685803622106055,5.96600216828479,2.730451947971123,2.730451947971123,20.0,20.0
874,2020-03-09,5.759628060741847,5.948568739108787,2.730451947971123,2.730451947971123,20.0,20.0
875,2020-03-16,5.6696338722927555,5.859516898182723,2.730451947971123,2.730451947971123,20.0,20.0
876,2020-03-23,5.6371228827483195,5.8147553908389344,2.730451947971123,2.730451947971123,20.0,20.0
877,2020-03-30,5.298348948220065,5.588120811550908,2.730451947971123,2.730451947971123,20.0,20.0
878,2020-04-06,5.193748373164053,5.504723055763007,2.730451947971123,2.730451947971123,20.0,20.0
879,2020-04-13,5.1485156920587505,5.4726832399800855,2.730451947971123,2.730451947971123,20.0,20.0
880,2020-04-20,5.118360571321881,5.452893941996515,2.730451947971123,2.730451947971123,20.0,20.0
881,2020-04-27,5.083022539208365,5.428864080159323,2.730451947971123,2.730451947971123,20.0,20.0
882,2020-05-04,5.067944978839931,5.415671214836943,2.730451947971123,2.730451947971123,20.0,20.0
